year,country_origin_id,country_destination_id,sitc_product_id,import_val,import_val_pct
2006,MNE,BEN,ALL,954,0.0000037%
2006,MNE,BFA,ALL,98,3.8e-7%
2006,MNE,CIV,ALL,24601,0.000096%
2006,MNE,COD,ALL,1365,0.0000053%
2006,MNE,COG,ALL,18,7.0e-8%
2006,MNE,CPV,ALL,290,0.0000011%
2006,MNE,EGY,ALL,710097,0.0028%
2006,MNE,ETH,ALL,982,0.0000038%
2006,MNE,GHA,ALL,55778,0.00022%
2006,MNE,GIN,ALL,137954,0.00054%
2006,MNE,GMB,ALL,26385,0.00010%
2006,MNE,GNQ,ALL,731,0.0000029%
2006,MNE,KEN,ALL,1120,0.0000044%
2006,MNE,MAR,ALL,365559,0.0014%
2006,MNE,MDG,ALL,22125,0.000086%
2006,MNE,MLI,ALL,28163,0.00011%
2006,MNE,MRT,ALL,5118,0.000020%
2006,MNE,MUS,ALL,101895,0.00040%
2006,MNE,MYT,ALL,17811,0.000069%
2006,MNE,NAM,ALL,906,0.0000035%
2006,MNE,NGA,ALL,1262,0.0000049%
2006,MNE,RWA,ALL,4264,0.000017%
2006,MNE,SDN,ALL,12536,0.000049%
2006,MNE,SEN,ALL,74,2.9e-7%
2006,MNE,SHN,ALL,100,3.9e-7%
2006,MNE,SOM,ALL,1156,0.0000045%
2006,MNE,SWZ,ALL,28836,0.00011%
2006,MNE,TUN,ALL,144801,0.00056%
2006,MNE,UGA,ALL,1490,0.0000058%
2006,MNE,ZAF,ALL,143572,0.00056%
2006,MNE,ZMB,ALL,50545,0.00020%
2006,MNE,ZWE,ALL,28,1.1e-7%
2006,MNE,AFG,ALL,6308,0.000025%
2006,MNE,ARE,ALL,205290,0.00080%
2006,MNE,BGD,ALL,469821,0.0018%
2006,MNE,CCK,ALL,838,0.0000033%
2006,MNE,CHN,ALL,64484615,0.25%
2006,MNE,CYP,ALL,556685,0.0022%
2006,MNE,GEO,ALL,10556,0.000041%
2006,MNE,HKG,ALL,990560,0.0039%
2006,MNE,IDN,ALL,1263289,0.0049%
2006,MNE,IND,ALL,3426942,0.013%
2006,MNE,IRN,ALL,246040,0.00096%
2006,MNE,IRQ,ALL,9928,0.000039%
2006,MNE,ISR,ALL,3386710,0.013%
2006,MNE,JOR,ALL,56003,0.00022%
2006,MNE,JPN,ALL,20737193,0.081%
2006,MNE,KAZ,ALL,5243,0.000020%
2006,MNE,KGZ,ALL,53293,0.00021%
2006,MNE,KHM,ALL,95204,0.00037%
2006,MNE,KOR,ALL,10647487,0.042%
2006,MNE,LAO,ALL,7804,0.000030%
2006,MNE,LBN,ALL,12386,0.000048%
2006,MNE,LKA,ALL,69818,0.00027%
2006,MNE,MAC,ALL,39657,0.00015%
2006,MNE,MMR,ALL,35732,0.00014%
2006,MNE,MYS,ALL,2163127,0.0084%
2006,MNE,NPL,ALL,255,9.9e-7%
2006,MNE,OMN,ALL,47483,0.00019%
2006,MNE,PAK,ALL,141683,0.00055%
2006,MNE,PHL,ALL,540670,0.0021%
2006,MNE,PRK,ALL,85556,0.00033%
2006,MNE,SAU,ALL,67021,0.00026%
2006,MNE,SGP,ALL,859752,0.0034%
2006,MNE,SYR,ALL,10408,0.000041%
2006,MNE,THA,ALL,2478424,0.0097%
2006,MNE,TJK,ALL,7943,0.000031%
2006,MNE,TKM,ALL,6,2.3e-8%
2006,MNE,TLS,ALL,13005,0.000051%
2006,MNE,TUR,ALL,15873911,0.062%
2006,MNE,VNM,ALL,2894670,0.011%
2006,MNE,ALB,ALL,4566566,0.018%
2006,MNE,AND,ALL,20602,0.000080%
2006,MNE,AUT,ALL,58529128,0.23%
2006,MNE,BEL,ALL,12952203,0.051%
2006,MNE,BGR,ALL,7413780,0.029%
2006,MNE,BIH,ALL,49911098,0.19%
2006,MNE,BLR,ALL,100295,0.00039%
2006,MNE,CHE,ALL,70096748,0.27%
2006,MNE,CZE,ALL,26824897,0.10%
2006,MNE,DEU,ALL,192504342,0.75%
2006,MNE,DNK,ALL,4407934,0.017%
2006,MNE,ESP,ALL,16904806,0.066%
2006,MNE,EST,ALL,135550,0.00053%
2006,MNE,FIN,ALL,3768152,0.015%
2006,MNE,FRA,ALL,46106879,0.18%
2006,MNE,GBR,ALL,19771407,0.077%
2006,MNE,GIB,ALL,522,0.0000020%
2006,MNE,GRC,ALL,85454139,0.33%
2006,MNE,HRV,ALL,74317513,0.29%
2006,MNE,HUN,ALL,20307231,0.079%
2006,MNE,IRL,ALL,2307107,0.0090%
2006,MNE,ISL,ALL,16960,0.000066%
2006,MNE,ITA,ALL,161891867,0.63%
2006,MNE,LTU,ALL,492548,0.0019%
2006,MNE,LUX,ALL,722379,0.0028%
2006,MNE,LVA,ALL,58907,0.00023%
2006,MNE,MDA,ALL,120088,0.00047%
2006,MNE,MKD,ALL,19420747,0.076%
2006,MNE,MLT,ALL,202952,0.00079%
2006,MNE,NLD,ALL,68674879,0.27%
2006,MNE,NOR,ALL,1043807,0.0041%
2006,MNE,POL,ALL,18490881,0.072%
2006,MNE,PRT,ALL,657474,0.0026%
2006,MNE,ROU,ALL,30522278,0.12%
2006,MNE,RUS,ALL,39000402,0.15%
2006,MNE,SMR,ALL,91836,0.00036%
2006,MNE,SRB,ALL,436726602,1.7%
2006,MNE,SVK,ALL,5711544,0.022%
2006,MNE,SVN,ALL,64316168,0.25%
2006,MNE,SWE,ALL,13696182,0.053%
2006,MNE,UKR,ALL,3529333,0.014%
2006,MNE,BHS,ALL,31,1.2e-7%
2006,MNE,BLZ,ALL,801,0.0000031%
2006,MNE,BRB,ALL,3940,0.000015%
2006,MNE,CAN,ALL,1274307,0.0050%
2006,MNE,CRI,ALL,124703,0.00049%
2006,MNE,CUB,ALL,9629,0.000038%
2006,MNE,DMA,ALL,62352,0.00024%
2006,MNE,GRD,ALL,6539,0.000026%
2006,MNE,HND,ALL,33837,0.00013%
2006,MNE,JAM,ALL,1864,0.0000073%
2006,MNE,MEX,ALL,435307,0.0017%
2006,MNE,MSR,ALL,122796,0.00048%
2006,MNE,PAN,ALL,838756,0.0033%
2006,MNE,TCA,ALL,15067,0.000059%
2006,MNE,TTO,ALL,915,0.0000036%
2006,MNE,USA,ALL,30594098,0.12%
2006,MNE,VCT,ALL,69154,0.00027%
2006,MNE,VGB,ALL,43444,0.00017%
2006,MNE,AUS,ALL,197570,0.00077%
2006,MNE,KIR,ALL,12388,0.000048%
2006,MNE,NRU,ALL,14570,0.000057%
2006,MNE,NZL,ALL,153284,0.00060%
2006,MNE,PLW,ALL,742,0.0000029%
2006,MNE,PNG,ALL,1776,0.0000069%
2006,MNE,TKL,ALL,13,5.1e-8%
2006,MNE,WLF,ALL,857,0.0000033%
2006,MNE,ARG,ALL,1726771,0.0067%
2006,MNE,BOL,ALL,341,0.0000013%
2006,MNE,BRA,ALL,13322761,0.052%
2006,MNE,CHL,ALL,58124,0.00023%
2006,MNE,COL,ALL,87740,0.00034%
2006,MNE,ECU,ALL,3143137,0.012%
2006,MNE,FLK,ALL,51249,0.00020%
2006,MNE,GUY,ALL,3004,0.000012%
2006,MNE,PER,ALL,61923,0.00024%
2006,MNE,PRY,ALL,2324,0.0000091%
2006,MNE,SUR,ALL,865,0.0000034%
2006,MNE,URY,ALL,119554,0.00047%
2006,MNE,VEN,ALL,2922,0.000011%
2007,MNE,AGO,ALL,2890,0.000011%
2007,MNE,CAF,ALL,5713,0.000022%
2007,MNE,CIV,ALL,22665,0.000088%
2007,MNE,COG,ALL,1121,0.0000044%
2007,MNE,COM,ALL,6,2.3e-8%
2007,MNE,CPV,ALL,2127,0.0000083%
2007,MNE,DZA,ALL,2023,0.0000079%
2007,MNE,EGY,ALL,1097248,0.0043%
2007,MNE,ETH,ALL,14830,0.000058%
2007,MNE,GHA,ALL,26449,0.00010%
2007,MNE,GMB,ALL,7678,0.000030%
2007,MNE,GNB,ALL,5417,0.000021%
2007,MNE,KEN,ALL,4577,0.000018%
2007,MNE,MAR,ALL,586227,0.0023%
2007,MNE,MDG,ALL,41846,0.00016%
2007,MNE,MOZ,ALL,350,0.0000014%
2007,MNE,MRT,ALL,80,3.1e-7%
2007,MNE,MUS,ALL,144701,0.00056%
2007,MNE,NGA,ALL,10913,0.000043%
2007,MNE,SDN,ALL,10339,0.000040%
2007,MNE,SEN,ALL,20286,0.000079%
2007,MNE,SHN,ALL,654,0.0000026%
2007,MNE,SLE,ALL,690,0.0000027%
2007,MNE,SOM,ALL,4688,0.000018%
2007,MNE,SWZ,ALL,155439,0.00061%
2007,MNE,SYC,ALL,8286,0.000032%
2007,MNE,TUN,ALL,385757,0.0015%
2007,MNE,ZAF,ALL,541810,0.0021%
2007,MNE,ZMB,ALL,17658,0.000069%
2007,MNE,ZWE,ALL,65846,0.00026%
2007,MNE,ATF,ALL,112,4.4e-7%
2007,MNE,SGS,ALL,320,0.0000012%
2007,MNE,ARE,ALL,108110,0.00042%
2007,MNE,AZE,ALL,69,2.7e-7%
2007,MNE,BGD,ALL,718048,0.0028%
2007,MNE,CCK,ALL,737,0.0000029%
2007,MNE,CHN,ALL,125571086,0.49%
2007,MNE,CYP,ALL,646222,0.0025%
2007,MNE,GEO,ALL,57033,0.00022%
2007,MNE,HKG,ALL,2639141,0.010%
2007,MNE,IDN,ALL,3350022,0.013%
2007,MNE,IND,ALL,6121108,0.024%
2007,MNE,IRN,ALL,619092,0.0024%
2007,MNE,IRQ,ALL,7869,0.000031%
2007,MNE,ISR,ALL,5090226,0.020%
2007,MNE,JOR,ALL,41350,0.00016%
2007,MNE,JPN,ALL,51759482,0.20%
2007,MNE,KAZ,ALL,5414,0.000021%
2007,MNE,KGZ,ALL,126341,0.00049%
2007,MNE,KHM,ALL,133029,0.00052%
2007,MNE,KOR,ALL,22980752,0.090%
2007,MNE,LAO,ALL,3892,0.000015%
2007,MNE,LBN,ALL,11872,0.000046%
2007,MNE,LKA,ALL,134055,0.00052%
2007,MNE,MAC,ALL,60396,0.00024%
2007,MNE,MMR,ALL,82158,0.00032%
2007,MNE,MNG,ALL,686,0.0000027%
2007,MNE,MYS,ALL,2758470,0.011%
2007,MNE,NPL,ALL,118,4.6e-7%
2007,MNE,PAK,ALL,392210,0.0015%
2007,MNE,PHL,ALL,1086672,0.0042%
2007,MNE,PRK,ALL,425560,0.0017%
2007,MNE,SAU,ALL,28762,0.00011%
2007,MNE,SGP,ALL,1755783,0.0068%
2007,MNE,SYR,ALL,49141,0.00019%
2007,MNE,THA,ALL,6285686,0.025%
2007,MNE,TJK,ALL,31126,0.00012%
2007,MNE,TKM,ALL,733,0.0000029%
2007,MNE,TUR,ALL,29876043,0.12%
2007,MNE,UZB,ALL,11624,0.000045%
2007,MNE,VNM,ALL,4355547,0.017%
2007,MNE,YEM,ALL,4587,0.000018%
2007,MNE,ALB,ALL,13551720,0.053%
2007,MNE,AND,ALL,77649,0.00030%
2007,MNE,AUT,ALL,68166607,0.27%
2007,MNE,BEL,ALL,20008666,0.078%
2007,MNE,BGR,ALL,11075329,0.043%
2007,MNE,BIH,ALL,100119285,0.39%
2007,MNE,BLR,ALL,301982,0.0012%
2007,MNE,CHE,ALL,127154346,0.50%
2007,MNE,CZE,ALL,43969621,0.17%
2007,MNE,DEU,ALL,276445055,1.1%
2007,MNE,DNK,ALL,4058058,0.016%
2007,MNE,ESP,ALL,31274374,0.12%
2007,MNE,EST,ALL,267174,0.0010%
2007,MNE,FIN,ALL,14183473,0.055%
2007,MNE,FRA,ALL,70788498,0.28%
2007,MNE,FRO,ALL,1923,0.0000075%
2007,MNE,GBR,ALL,39514333,0.15%
2007,MNE,GIB,ALL,22492,0.000088%
2007,MNE,GRC,ALL,96998107,0.38%
2007,MNE,HRV,ALL,113565670,0.44%
2007,MNE,HUN,ALL,30061121,0.12%
2007,MNE,IRL,ALL,4298962,0.017%
2007,MNE,ISL,ALL,37758,0.00015%
2007,MNE,ITA,ALL,263396632,1.0%
2007,MNE,LTU,ALL,61473,0.00024%
2007,MNE,LUX,ALL,1139739,0.0044%
2007,MNE,LVA,ALL,114843,0.00045%
2007,MNE,MDA,ALL,47238,0.00018%
2007,MNE,MKD,ALL,29431587,0.11%
2007,MNE,MLT,ALL,18406,0.000072%
2007,MNE,NLD,ALL,24898553,0.097%
2007,MNE,NOR,ALL,5647575,0.022%
2007,MNE,POL,ALL,32385149,0.13%
2007,MNE,PRT,ALL,889597,0.0035%
2007,MNE,ROU,ALL,15768173,0.061%
2007,MNE,RUS,ALL,153941846,0.60%
2007,MNE,SMR,ALL,287036,0.0011%
2007,MNE,SRB,ALL,637979780,2.5%
2007,MNE,SVK,ALL,7331982,0.029%
2007,MNE,SVN,ALL,100285703,0.39%
2007,MNE,SWE,ALL,59958413,0.23%
2007,MNE,UKR,ALL,14871354,0.058%
2007,MNE,ATG,ALL,10,3.9e-8%
2007,MNE,BHS,ALL,6501,0.000025%
2007,MNE,BMU,ALL,1435,0.0000056%
2007,MNE,BRB,ALL,35593,0.00014%
2007,MNE,CAN,ALL,3200332,0.012%
2007,MNE,CRI,ALL,115347,0.00045%
2007,MNE,CUB,ALL,156653,0.00061%
2007,MNE,CYM,ALL,3997,0.000016%
2007,MNE,DMA,ALL,54925,0.00021%
2007,MNE,GRD,ALL,4165,0.000016%
2007,MNE,GTM,ALL,29905,0.00012%
2007,MNE,HND,ALL,57155,0.00022%
2007,MNE,HTI,ALL,354,0.0000014%
2007,MNE,JAM,ALL,65866,0.00026%
2007,MNE,MEX,ALL,2840576,0.011%
2007,MNE,NIC,ALL,2845,0.000011%
2007,MNE,PAN,ALL,318124,0.0012%
2007,MNE,TTO,ALL,1913,0.0000075%
2007,MNE,UMI,ALL,9518,0.000037%
2007,MNE,USA,ALL,58342563,0.23%
2007,MNE,VGB,ALL,27568,0.00011%
2007,MNE,AUS,ALL,553604,0.0022%
2007,MNE,GUM,ALL,242,9.4e-7%
2007,MNE,KIR,ALL,2557,0.000010%
2007,MNE,NRU,ALL,1569,0.0000061%
2007,MNE,NZL,ALL,20541,0.000080%
2007,MNE,PCN,ALL,449,0.0000018%
2007,MNE,PYF,ALL,12083,0.000047%
2007,MNE,VUT,ALL,906,0.0000035%
2007,MNE,WLF,ALL,613,0.0000024%
2007,MNE,ARG,ALL,2297314,0.0090%
2007,MNE,BOL,ALL,28903,0.00011%
2007,MNE,BRA,ALL,25020265,0.098%
2007,MNE,CHL,ALL,62912,0.00025%
2007,MNE,COL,ALL,96605,0.00038%
2007,MNE,ECU,ALL,3630801,0.014%
2007,MNE,FLK,ALL,365338,0.0014%
2007,MNE,GUY,ALL,15323,0.000060%
2007,MNE,PER,ALL,38827,0.00015%
2007,MNE,PRY,ALL,2752,0.000011%
2007,MNE,SUR,ALL,910,0.0000035%
2007,MNE,URY,ALL,88890,0.00035%
2007,MNE,VEN,ALL,15923,0.000062%
2008,MNE,BEN,ALL,923,0.0000036%
2008,MNE,CIV,ALL,11945,0.000047%
2008,MNE,COD,ALL,795,0.0000031%
2008,MNE,COG,ALL,5411,0.000021%
2008,MNE,CPV,ALL,1091,0.0000043%
2008,MNE,DJI,ALL,95,3.7e-7%
2008,MNE,DZA,ALL,1533248,0.0060%
2008,MNE,EGY,ALL,1215928,0.0047%
2008,MNE,ETH,ALL,1293,0.0000050%
2008,MNE,GHA,ALL,35032,0.00014%
2008,MNE,GIN,ALL,2698,0.000011%
2008,MNE,GMB,ALL,2745,0.000011%
2008,MNE,GNB,ALL,2083,0.0000081%
2008,MNE,GNQ,ALL,167,6.5e-7%
2008,MNE,LBY,ALL,455,0.0000018%
2008,MNE,LSO,ALL,2105,0.0000082%
2008,MNE,MAR,ALL,691405,0.0027%
2008,MNE,MDG,ALL,46709,0.00018%
2008,MNE,MLI,ALL,180,7.0e-7%
2008,MNE,MRT,ALL,41572,0.00016%
2008,MNE,MUS,ALL,207439,0.00081%
2008,MNE,MYT,ALL,264,0.0000010%
2008,MNE,NAM,ALL,1722,0.0000067%
2008,MNE,NER,ALL,58,2.3e-7%
2008,MNE,NGA,ALL,1656,0.0000065%
2008,MNE,RWA,ALL,1741,0.0000068%
2008,MNE,SDN,ALL,6661,0.000026%
2008,MNE,SEN,ALL,14252,0.000056%
2008,MNE,SHN,ALL,5745,0.000022%
2008,MNE,SLE,ALL,670,0.0000026%
2008,MNE,SOM,ALL,2553,0.000010%
2008,MNE,SWZ,ALL,33291,0.00013%
2008,MNE,SYC,ALL,483,0.0000019%
2008,MNE,TUN,ALL,896765,0.0035%
2008,MNE,UGA,ALL,3353,0.000013%
2008,MNE,ZAF,ALL,768301,0.0030%
2008,MNE,ZMB,ALL,374,0.0000015%
2008,MNE,ZWE,ALL,7479,0.000029%
2008,MNE,HMD,ALL,1608,0.0000063%
2008,MNE,AFG,ALL,1115,0.0000043%
2008,MNE,ARE,ALL,237412,0.00093%
2008,MNE,AZE,ALL,649471,0.0025%
2008,MNE,BGD,ALL,1452571,0.0057%
2008,MNE,BHR,ALL,11538,0.000045%
2008,MNE,BRN,ALL,157,6.1e-7%
2008,MNE,CCK,ALL,1316,0.0000051%
2008,MNE,CHN,ALL,172531313,0.67%
2008,MNE,CYP,ALL,2388025,0.0093%
2008,MNE,GEO,ALL,42437,0.00017%
2008,MNE,HKG,ALL,2763847,0.011%
2008,MNE,IDN,ALL,4582896,0.018%
2008,MNE,IND,ALL,7666475,0.030%
2008,MNE,IRN,ALL,268541,0.0010%
2008,MNE,ISR,ALL,4603848,0.018%
2008,MNE,JOR,ALL,50408,0.00020%
2008,MNE,JPN,ALL,54005885,0.21%
2008,MNE,KAZ,ALL,701769,0.0027%
2008,MNE,KGZ,ALL,190263,0.00074%
2008,MNE,KHM,ALL,240552,0.00094%
2008,MNE,KOR,ALL,26706063,0.10%
2008,MNE,KWT,ALL,536,0.0000021%
2008,MNE,LAO,ALL,9220,0.000036%
2008,MNE,LBN,ALL,28735,0.00011%
2008,MNE,LKA,ALL,369681,0.0014%
2008,MNE,MAC,ALL,144917,0.00057%
2008,MNE,MMR,ALL,75105,0.00029%
2008,MNE,MNG,ALL,926,0.0000036%
2008,MNE,MYS,ALL,6251739,0.024%
2008,MNE,NPL,ALL,29697,0.00012%
2008,MNE,PAK,ALL,714895,0.0028%
2008,MNE,PHL,ALL,1274749,0.0050%
2008,MNE,PRK,ALL,745146,0.0029%
2008,MNE,SAU,ALL,11021,0.000043%
2008,MNE,SGP,ALL,1204707,0.0047%
2008,MNE,SYR,ALL,2265,0.0000088%
2008,MNE,THA,ALL,7794880,0.030%
2008,MNE,TJK,ALL,16329,0.000064%
2008,MNE,TKM,ALL,385,0.0000015%
2008,MNE,TLS,ALL,903,0.0000035%
2008,MNE,TUR,ALL,43027723,0.17%
2008,MNE,UZB,ALL,1577,0.0000062%
2008,MNE,VNM,ALL,6107551,0.024%
2008,MNE,YEM,ALL,5235,0.000020%
2008,MNE,ALB,ALL,24254640,0.095%
2008,MNE,AND,ALL,42085,0.00016%
2008,MNE,AUT,ALL,102728095,0.40%
2008,MNE,BEL,ALL,17555076,0.068%
2008,MNE,BGR,ALL,14439418,0.056%
2008,MNE,BIH,ALL,157410167,0.61%
2008,MNE,BLR,ALL,96866,0.00038%
2008,MNE,CHE,ALL,152767664,0.60%
2008,MNE,CZE,ALL,47657842,0.19%
2008,MNE,DEU,ALL,305343389,1.2%
2008,MNE,DNK,ALL,4508331,0.018%
2008,MNE,ESP,ALL,37323255,0.15%
2008,MNE,EST,ALL,318466,0.0012%
2008,MNE,FIN,ALL,6405100,0.025%
2008,MNE,FRA,ALL,83622285,0.33%
2008,MNE,FRO,ALL,1479,0.0000058%
2008,MNE,GBR,ALL,31599192,0.12%
2008,MNE,GRC,ALL,244544937,0.95%
2008,MNE,HRV,ALL,151782712,0.59%
2008,MNE,HUN,ALL,48610837,0.19%
2008,MNE,IRL,ALL,9806239,0.038%
2008,MNE,ISL,ALL,58509,0.00023%
2008,MNE,ITA,ALL,283633978,1.1%
2008,MNE,LTU,ALL,384558,0.0015%
2008,MNE,LUX,ALL,1593605,0.0062%
2008,MNE,LVA,ALL,190581,0.00074%
2008,MNE,MDA,ALL,188646,0.00074%
2008,MNE,MKD,ALL,39788693,0.16%
2008,MNE,MLT,ALL,33008,0.00013%
2008,MNE,NLD,ALL,37459259,0.15%
2008,MNE,NOR,ALL,1839130,0.0072%
2008,MNE,POL,ALL,21927436,0.086%
2008,MNE,PRT,ALL,1052925,0.0041%
2008,MNE,ROU,ALL,31769820,0.12%
2008,MNE,RUS,ALL,127114256,0.50%
2008,MNE,SMR,ALL,376285,0.0015%
2008,MNE,SRB,ALL,844495070,3.3%
2008,MNE,SVK,ALL,16060147,0.063%
2008,MNE,SVN,ALL,120436467,0.47%
2008,MNE,SWE,ALL,44693616,0.17%
2008,MNE,UKR,ALL,5087854,0.020%
2008,MNE,VAT,ALL,354,0.0000014%
2008,MNE,BHS,ALL,2441,0.0000095%
2008,MNE,BLZ,ALL,39506,0.00015%
2008,MNE,BMU,ALL,18104,0.000071%
2008,MNE,BRB,ALL,4633,0.000018%
2008,MNE,CAN,ALL,7788807,0.030%
2008,MNE,CRI,ALL,150347,0.00059%
2008,MNE,CUB,ALL,224081,0.00087%
2008,MNE,DMA,ALL,72314,0.00028%
2008,MNE,GRD,ALL,28273,0.00011%
2008,MNE,GRL,ALL,133,5.2e-7%
2008,MNE,GTM,ALL,5990,0.000023%
2008,MNE,HND,ALL,37784,0.00015%
2008,MNE,HTI,ALL,328,0.0000013%
2008,MNE,JAM,ALL,29177,0.00011%
2008,MNE,MEX,ALL,1537985,0.0060%
2008,MNE,NIC,ALL,157,6.1e-7%
2008,MNE,PAN,ALL,302281,0.0012%
2008,MNE,SLV,ALL,2852,0.000011%
2008,MNE,TCA,ALL,12219,0.000048%
2008,MNE,UMI,ALL,252,9.8e-7%
2008,MNE,USA,ALL,81337210,0.32%
2008,MNE,VGB,ALL,62566,0.00024%
2008,MNE,ASM,ALL,1569,0.0000061%
2008,MNE,AUS,ALL,181296,0.00071%
2008,MNE,NIU,ALL,828,0.0000032%
2008,MNE,NRU,ALL,238,9.3e-7%
2008,MNE,NZL,ALL,262267,0.0010%
2008,MNE,PCN,ALL,567,0.0000022%
2008,MNE,PLW,ALL,1650,0.0000064%
2008,MNE,PYF,ALL,9042,0.000035%
2008,MNE,TKL,ALL,338,0.0000013%
2008,MNE,ARG,ALL,3594077,0.014%
2008,MNE,BOL,ALL,3080,0.000012%
2008,MNE,BRA,ALL,58199599,0.23%
2008,MNE,CHL,ALL,181591,0.00071%
2008,MNE,COL,ALL,61042,0.00024%
2008,MNE,ECU,ALL,4410770,0.017%
2008,MNE,FLK,ALL,265863,0.0010%
2008,MNE,PER,ALL,44392,0.00017%
2008,MNE,PRY,ALL,103024,0.00040%
2008,MNE,URY,ALL,247170,0.00096%
2008,MNE,VEN,ALL,21903,0.000085%
2009,MNE,BDI,ALL,509,0.0000020%
2009,MNE,BFA,ALL,53,2.1e-7%
2009,MNE,CAF,ALL,39,1.5e-7%
2009,MNE,CIV,ALL,22369,0.000087%
2009,MNE,CMR,ALL,10182,0.000040%
2009,MNE,COG,ALL,357,0.0000014%
2009,MNE,DZA,ALL,2058,0.0000080%
2009,MNE,EGY,ALL,946886,0.0037%
2009,MNE,ERI,ALL,164874,0.00064%
2009,MNE,ESH,ALL,54,2.1e-7%
2009,MNE,ETH,ALL,253,9.9e-7%
2009,MNE,GAB,ALL,5674,0.000022%
2009,MNE,GHA,ALL,34937,0.00014%
2009,MNE,GIN,ALL,196,7.6e-7%
2009,MNE,GMB,ALL,1,3.9e-9%
2009,MNE,GNB,ALL,1720,0.0000067%
2009,MNE,KEN,ALL,2117,0.0000083%
2009,MNE,LBR,ALL,721,0.0000028%
2009,MNE,MAR,ALL,698257,0.0027%
2009,MNE,MDG,ALL,22841,0.000089%
2009,MNE,MRT,ALL,28542,0.00011%
2009,MNE,MUS,ALL,101990,0.00040%
2009,MNE,MWI,ALL,5904,0.000023%
2009,MNE,NAM,ALL,2085,0.0000081%
2009,MNE,RWA,ALL,5245,0.000020%
2009,MNE,SDN,ALL,9228,0.000036%
2009,MNE,SEN,ALL,19066,0.000074%
2009,MNE,SHN,ALL,95,3.7e-7%
2009,MNE,SLE,ALL,1138,0.0000044%
2009,MNE,SWZ,ALL,1568,0.0000061%
2009,MNE,SYC,ALL,180513,0.00070%
2009,MNE,TGO,ALL,2426,0.0000095%
2009,MNE,TUN,ALL,716237,0.0028%
2009,MNE,UGA,ALL,1178,0.0000046%
2009,MNE,ZAF,ALL,506839,0.0020%
2009,MNE,ZMB,ALL,4706,0.000018%
2009,MNE,HMD,ALL,936,0.0000037%
2009,MNE,AFG,ALL,2145,0.0000084%
2009,MNE,ARE,ALL,4523109,0.018%
2009,MNE,ARM,ALL,130664,0.00051%
2009,MNE,AZE,ALL,25246,0.000098%
2009,MNE,BGD,ALL,1614500,0.0063%
2009,MNE,BHR,ALL,2,7.8e-9%
2009,MNE,BTN,ALL,3,1.2e-8%
2009,MNE,CCK,ALL,292,0.0000011%
2009,MNE,CHN,ALL,111123866,0.43%
2009,MNE,CYP,ALL,1046246,0.0041%
2009,MNE,GEO,ALL,11324,0.000044%
2009,MNE,HKG,ALL,1320700,0.0052%
2009,MNE,IDN,ALL,3275885,0.013%
2009,MNE,IND,ALL,5330911,0.021%
2009,MNE,IRN,ALL,202797,0.00079%
2009,MNE,IRQ,ALL,412,0.0000016%
2009,MNE,ISR,ALL,2083800,0.0081%
2009,MNE,JOR,ALL,25491,0.000099%
2009,MNE,JPN,ALL,24471837,0.095%
2009,MNE,KAZ,ALL,3244,0.000013%
2009,MNE,KGZ,ALL,193467,0.00075%
2009,MNE,KHM,ALL,216780,0.00085%
2009,MNE,KOR,ALL,10626987,0.041%
2009,MNE,KWT,ALL,377,0.0000015%
2009,MNE,LAO,ALL,3666,0.000014%
2009,MNE,LBN,ALL,68944,0.00027%
2009,MNE,LKA,ALL,492328,0.0019%
2009,MNE,MAC,ALL,11155,0.000044%
2009,MNE,MDV,ALL,5663,0.000022%
2009,MNE,MMR,ALL,35747,0.00014%
2009,MNE,MNG,ALL,1305,0.0000051%
2009,MNE,MYS,ALL,3849458,0.015%
2009,MNE,NPL,ALL,8584,0.000033%
2009,MNE,OMN,ALL,13297,0.000052%
2009,MNE,PAK,ALL,374593,0.0015%
2009,MNE,PHL,ALL,575056,0.0022%
2009,MNE,PRK,ALL,155598,0.00061%
2009,MNE,SAU,ALL,90105,0.00035%
2009,MNE,SGP,ALL,555789,0.0022%
2009,MNE,SYR,ALL,57003,0.00022%
2009,MNE,THA,ALL,6537226,0.025%
2009,MNE,TJK,ALL,12130,0.000047%
2009,MNE,TKM,ALL,12,4.7e-8%
2009,MNE,TLS,ALL,1258,0.0000049%
2009,MNE,TUR,ALL,31233124,0.12%
2009,MNE,VNM,ALL,5316171,0.021%
2009,MNE,YEM,ALL,36,1.4e-7%
2009,MNE,ALB,ALL,11287812,0.044%
2009,MNE,AUT,ALL,62245398,0.24%
2009,MNE,BEL,ALL,9497832,0.037%
2009,MNE,BGR,ALL,8047879,0.031%
2009,MNE,BIH,ALL,123386891,0.48%
2009,MNE,BLR,ALL,115950,0.00045%
2009,MNE,CHE,ALL,69501526,0.27%
2009,MNE,CZE,ALL,26246152,0.10%
2009,MNE,DEU,ALL,146652774,0.57%
2009,MNE,DNK,ALL,3075510,0.012%
2009,MNE,ESP,ALL,30382735,0.12%
2009,MNE,EST,ALL,187649,0.00073%
2009,MNE,FIN,ALL,2099420,0.0082%
2009,MNE,FRA,ALL,35636111,0.14%
2009,MNE,FRO,ALL,115,4.5e-7%
2009,MNE,GBR,ALL,24618278,0.096%
2009,MNE,GIB,ALL,15422,0.000060%
2009,MNE,GRC,ALL,126068321,0.49%
2009,MNE,HRV,ALL,105363349,0.41%
2009,MNE,HUN,ALL,23607752,0.092%
2009,MNE,IRL,ALL,4897490,0.019%
2009,MNE,ISL,ALL,326796,0.0013%
2009,MNE,ITA,ALL,134830574,0.53%
2009,MNE,LTU,ALL,47520,0.00019%
2009,MNE,LUX,ALL,732654,0.0029%
2009,MNE,LVA,ALL,162348,0.00063%
2009,MNE,MDA,ALL,145582,0.00057%
2009,MNE,MKD,ALL,29373242,0.11%
2009,MNE,MLT,ALL,5788,0.000023%
2009,MNE,NLD,ALL,34153685,0.13%
2009,MNE,NOR,ALL,812472,0.0032%
2009,MNE,POL,ALL,13878346,0.054%
2009,MNE,PRT,ALL,766573,0.0030%
2009,MNE,ROU,ALL,26761915,0.10%
2009,MNE,RUS,ALL,46196901,0.18%
2009,MNE,SMR,ALL,137671,0.00054%
2009,MNE,SRB,ALL,575274488,2.2%
2009,MNE,SVK,ALL,9035690,0.035%
2009,MNE,SVN,ALL,80322387,0.31%
2009,MNE,SWE,ALL,7940910,0.031%
2009,MNE,UKR,ALL,3509824,0.014%
2009,MNE,ABW,ALL,2409,0.0000094%
2009,MNE,BHS,ALL,20090,0.000078%
2009,MNE,BLZ,ALL,8,3.1e-8%
2009,MNE,CAN,ALL,1656414,0.0065%
2009,MNE,CRI,ALL,144983,0.00057%
2009,MNE,CUB,ALL,160405,0.00063%
2009,MNE,DMA,ALL,57276,0.00022%
2009,MNE,GRD,ALL,113,4.4e-7%
2009,MNE,GTM,ALL,39314,0.00015%
2009,MNE,HND,ALL,39852,0.00016%
2009,MNE,HTI,ALL,14353,0.000056%
2009,MNE,JAM,ALL,92920,0.00036%
2009,MNE,MEX,ALL,1304764,0.0051%
2009,MNE,NIC,ALL,16875,0.000066%
2009,MNE,PAN,ALL,4102,0.000016%
2009,MNE,SLV,ALL,118,4.6e-7%
2009,MNE,TTO,ALL,3653,0.000014%
2009,MNE,UMI,ALL,140,5.5e-7%
2009,MNE,USA,ALL,31945690,0.12%
2009,MNE,ASM,ALL,17447,0.000068%
2009,MNE,AUS,ALL,274666,0.0011%
2009,MNE,GUM,ALL,79,3.1e-7%
2009,MNE,NIU,ALL,1424,0.0000056%
2009,MNE,NZL,ALL,579917,0.0023%
2009,MNE,PYF,ALL,59,2.3e-7%
2009,MNE,TKL,ALL,61,2.4e-7%
2009,MNE,TUV,ALL,107,4.2e-7%
2009,MNE,ARG,ALL,1982326,0.0077%
2009,MNE,BOL,ALL,7031,0.000027%
2009,MNE,BRA,ALL,43340321,0.17%
2009,MNE,CHL,ALL,194109,0.00076%
2009,MNE,COL,ALL,97868,0.00038%
2009,MNE,ECU,ALL,4504156,0.018%
2009,MNE,FLK,ALL,144331,0.00056%
2009,MNE,PER,ALL,56432,0.00022%
2009,MNE,PRY,ALL,19268,0.000075%
2009,MNE,URY,ALL,333248,0.0013%
2009,MNE,VEN,ALL,33749,0.00013%
2010,MNE,BEN,ALL,71,2.8e-7%
2010,MNE,BFA,ALL,38,1.5e-7%
2010,MNE,CAF,ALL,1903,0.0000074%
2010,MNE,CIV,ALL,4213,0.000016%
2010,MNE,CMR,ALL,230,9.0e-7%
2010,MNE,COD,ALL,96,3.7e-7%
2010,MNE,COG,ALL,6555,0.000026%
2010,MNE,DZA,ALL,134935,0.00053%
2010,MNE,EGY,ALL,1201056,0.0047%
2010,MNE,ERI,ALL,2152,0.0000084%
2010,MNE,ESH,ALL,489,0.0000019%
2010,MNE,ETH,ALL,20312,0.000079%
2010,MNE,GHA,ALL,35230,0.00014%
2010,MNE,GIN,ALL,1991465,0.0078%
2010,MNE,GMB,ALL,11343,0.000044%
2010,MNE,GNQ,ALL,6133,0.000024%
2010,MNE,KEN,ALL,30388,0.00012%
2010,MNE,LSO,ALL,39,1.5e-7%
2010,MNE,MAR,ALL,391151,0.0015%
2010,MNE,MDG,ALL,50517,0.00020%
2010,MNE,MLI,ALL,1031,0.0000040%
2010,MNE,MRT,ALL,141,5.5e-7%
2010,MNE,MUS,ALL,136252,0.00053%
2010,MNE,NAM,ALL,4629,0.000018%
2010,MNE,NGA,ALL,16727,0.000065%
2010,MNE,RWA,ALL,104,4.1e-7%
2010,MNE,SDN,ALL,3569,0.000014%
2010,MNE,SEN,ALL,6872,0.000027%
2010,MNE,SHN,ALL,672,0.0000026%
2010,MNE,SLE,ALL,193,7.5e-7%
2010,MNE,SWZ,ALL,27322,0.00011%
2010,MNE,SYC,ALL,22310,0.000087%
2010,MNE,TCD,ALL,902,0.0000035%
2010,MNE,TUN,ALL,709720,0.0028%
2010,MNE,TZA,ALL,350,0.0000014%
2010,MNE,UGA,ALL,744,0.0000029%
2010,MNE,ZAF,ALL,671813,0.0026%
2010,MNE,ZMB,ALL,8025,0.000031%
2010,MNE,ZWE,ALL,1231,0.0000048%
2010,MNE,ATF,ALL,1117,0.0000044%
2010,MNE,AFG,ALL,2414,0.0000094%
2010,MNE,ARE,ALL,237563,0.00093%
2010,MNE,ARM,ALL,1413,0.0000055%
2010,MNE,AZE,ALL,174900,0.00068%
2010,MNE,BGD,ALL,1446055,0.0056%
2010,MNE,CHN,ALL,101860149,0.40%
2010,MNE,CYP,ALL,542558,0.0021%
2010,MNE,GEO,ALL,35811,0.00014%
2010,MNE,HKG,ALL,2528575,0.0099%
2010,MNE,IDN,ALL,3063174,0.012%
2010,MNE,IND,ALL,5738254,0.022%
2010,MNE,IRN,ALL,406917,0.0016%
2010,MNE,ISR,ALL,1924533,0.0075%
2010,MNE,JOR,ALL,35759,0.00014%
2010,MNE,JPN,ALL,23220830,0.091%
2010,MNE,KAZ,ALL,2210,0.0000086%
2010,MNE,KGZ,ALL,146667,0.00057%
2010,MNE,KHM,ALL,161072,0.00063%
2010,MNE,KOR,ALL,14929230,0.058%
2010,MNE,KWT,ALL,2979,0.000012%
2010,MNE,LAO,ALL,8887,0.000035%
2010,MNE,LBN,ALL,451295,0.0018%
2010,MNE,LKA,ALL,439497,0.0017%
2010,MNE,MAC,ALL,3722,0.000015%
2010,MNE,MDV,ALL,1664,0.0000065%
2010,MNE,MMR,ALL,24041,0.000094%
2010,MNE,MNG,ALL,1008,0.0000039%
2010,MNE,MYS,ALL,7216366,0.028%
2010,MNE,OMN,ALL,24796,0.000097%
2010,MNE,PAK,ALL,602329,0.0023%
2010,MNE,PHL,ALL,584342,0.0023%
2010,MNE,PRK,ALL,218561,0.00085%
2010,MNE,SAU,ALL,34243,0.00013%
2010,MNE,SGP,ALL,895666,0.0035%
2010,MNE,SYR,ALL,45242,0.00018%
2010,MNE,THA,ALL,4027963,0.016%
2010,MNE,TJK,ALL,26016,0.00010%
2010,MNE,TKM,ALL,401,0.0000016%
2010,MNE,TLS,ALL,96138,0.00037%
2010,MNE,TUR,ALL,33790012,0.13%
2010,MNE,VNM,ALL,5172368,0.020%
2010,MNE,ALB,ALL,10864933,0.042%
2010,MNE,AUT,ALL,60396129,0.24%
2010,MNE,BEL,ALL,8297512,0.032%
2010,MNE,BGR,ALL,8525404,0.033%
2010,MNE,BIH,ALL,151149778,0.59%
2010,MNE,BLR,ALL,44960,0.00018%
2010,MNE,CHE,ALL,21031229,0.082%
2010,MNE,CZE,ALL,19952351,0.078%
2010,MNE,DEU,ALL,144257429,0.56%
2010,MNE,DNK,ALL,3683459,0.014%
2010,MNE,ESP,ALL,27577989,0.11%
2010,MNE,EST,ALL,142279,0.00055%
2010,MNE,FIN,ALL,3525641,0.014%
2010,MNE,FRA,ALL,32444420,0.13%
2010,MNE,FRO,ALL,6576,0.000026%
2010,MNE,GBR,ALL,16078881,0.063%
2010,MNE,GRC,ALL,137278050,0.54%
2010,MNE,HRV,ALL,98605098,0.38%
2010,MNE,HUN,ALL,16524961,0.064%
2010,MNE,IRL,ALL,2267851,0.0088%
2010,MNE,ISL,ALL,142383,0.00056%
2010,MNE,ITA,ALL,117898973,0.46%
2010,MNE,LTU,ALL,402469,0.0016%
2010,MNE,LUX,ALL,597875,0.0023%
2010,MNE,LVA,ALL,189266,0.00074%
2010,MNE,MDA,ALL,150563,0.00059%
2010,MNE,MKD,ALL,28206530,0.11%
2010,MNE,MLT,ALL,11265,0.000044%
2010,MNE,NLD,ALL,33715588,0.13%
2010,MNE,NOR,ALL,2217710,0.0086%
2010,MNE,POL,ALL,12217374,0.048%
2010,MNE,PRT,ALL,751076,0.0029%
2010,MNE,ROU,ALL,29386783,0.11%
2010,MNE,RUS,ALL,51076026,0.20%
2010,MNE,SMR,ALL,43620,0.00017%
2010,MNE,SRB,ALL,524666974,2.0%
2010,MNE,SVK,ALL,7447034,0.029%
2010,MNE,SVN,ALL,71948095,0.28%
2010,MNE,SWE,ALL,7074137,0.028%
2010,MNE,UKR,ALL,3626546,0.014%
2010,MNE,ABW,ALL,1029,0.0000040%
2010,MNE,BHS,ALL,46818,0.00018%
2010,MNE,CAN,ALL,1766518,0.0069%
2010,MNE,CRI,ALL,187727,0.00073%
2010,MNE,CUB,ALL,54731,0.00021%
2010,MNE,DMA,ALL,41768,0.00016%
2010,MNE,GRD,ALL,5852,0.000023%
2010,MNE,GTM,ALL,69734,0.00027%
2010,MNE,HND,ALL,14658,0.000057%
2010,MNE,HTI,ALL,16,6.2e-8%
2010,MNE,JAM,ALL,17421,0.000068%
2010,MNE,MEX,ALL,1016153,0.0040%
2010,MNE,NIC,ALL,7280,0.000028%
2010,MNE,PAN,ALL,19467,0.000076%
2010,MNE,SLV,ALL,381,0.0000015%
2010,MNE,TCA,ALL,10222,0.000040%
2010,MNE,TTO,ALL,37527,0.00015%
2010,MNE,UMI,ALL,430,0.0000017%
2010,MNE,USA,ALL,21705763,0.085%
2010,MNE,VCT,ALL,38456,0.00015%
2010,MNE,VGB,ALL,8571,0.000033%
2010,MNE,ASM,ALL,177,6.9e-7%
2010,MNE,AUS,ALL,3180856,0.012%
2010,MNE,COK,ALL,259,0.0000010%
2010,MNE,KIR,ALL,311,0.0000012%
2010,MNE,NZL,ALL,402728,0.0016%
2010,MNE,PCN,ALL,186,7.3e-7%
2010,MNE,WLF,ALL,1964,0.0000077%
2010,MNE,ARG,ALL,1565138,0.0061%
2010,MNE,BOL,ALL,22232,0.000087%
2010,MNE,BRA,ALL,35121240,0.14%
2010,MNE,CHL,ALL,194447,0.00076%
2010,MNE,COL,ALL,273414,0.0011%
2010,MNE,ECU,ALL,3481391,0.014%
2010,MNE,FLK,ALL,312910,0.0012%
2010,MNE,GUY,ALL,93,3.6e-7%
2010,MNE,PER,ALL,109867,0.00043%
2010,MNE,SUR,ALL,25292,0.000099%
2010,MNE,URY,ALL,138837,0.00054%
2010,MNE,VEN,ALL,254839,0.00099%
2011,MNE,BDI,ALL,29,1.1e-7%
2011,MNE,BEN,ALL,1657,0.0000065%
2011,MNE,BFA,ALL,500,0.0000020%
2011,MNE,CAF,ALL,804,0.0000031%
2011,MNE,CIV,ALL,2894,0.000011%
2011,MNE,CMR,ALL,2998,0.000012%
2011,MNE,COD,ALL,2889,0.000011%
2011,MNE,COG,ALL,890,0.0000035%
2011,MNE,CPV,ALL,13,5.1e-8%
2011,MNE,DZA,ALL,940488,0.0037%
2011,MNE,EGY,ALL,11727248,0.046%
2011,MNE,ERI,ALL,115,4.5e-7%
2011,MNE,ESH,ALL,3,1.2e-8%
2011,MNE,ETH,ALL,79109,0.00031%
2011,MNE,GAB,ALL,1349,0.0000053%
2011,MNE,GHA,ALL,49201,0.00019%
2011,MNE,GIN,ALL,3520718,0.014%
2011,MNE,GMB,ALL,5807,0.000023%
2011,MNE,GNB,ALL,275,0.0000011%
2011,MNE,KEN,ALL,132857,0.00052%
2011,MNE,MAR,ALL,387990,0.0015%
2011,MNE,MDG,ALL,29929,0.00012%
2011,MNE,MOZ,ALL,777,0.0000030%
2011,MNE,MUS,ALL,173234,0.00068%
2011,MNE,MWI,ALL,45522,0.00018%
2011,MNE,NAM,ALL,10751,0.000042%
2011,MNE,NGA,ALL,8909,0.000035%
2011,MNE,RWA,ALL,336,0.0000013%
2011,MNE,SDN,ALL,8107,0.000032%
2011,MNE,SEN,ALL,6024,0.000023%
2011,MNE,SOM,ALL,168,6.6e-7%
2011,MNE,SWZ,ALL,30681,0.00012%
2011,MNE,SYC,ALL,21872,0.000085%
2011,MNE,TGO,ALL,2503,0.0000098%
2011,MNE,TUN,ALL,1055168,0.0041%
2011,MNE,TZA,ALL,7615,0.000030%
2011,MNE,UGA,ALL,612,0.0000024%
2011,MNE,ZAF,ALL,823050,0.0032%
2011,MNE,ZMB,ALL,11137,0.000043%
2011,MNE,ZWE,ALL,3834,0.000015%
2011,MNE,SGS,ALL,146,5.7e-7%
2011,MNE,ARE,ALL,177544,0.00069%
2011,MNE,ARM,ALL,69137,0.00027%
2011,MNE,AZE,ALL,1082,0.0000042%
2011,MNE,BGD,ALL,2472262,0.0096%
2011,MNE,BHR,ALL,57494,0.00022%
2011,MNE,CCK,ALL,479,0.0000019%
2011,MNE,CHN,ALL,138169044,0.54%
2011,MNE,CYP,ALL,857199,0.0033%
2011,MNE,GEO,ALL,23856,0.000093%
2011,MNE,HKG,ALL,1015621,0.0040%
2011,MNE,IDN,ALL,4800409,0.019%
2011,MNE,IND,ALL,9635608,0.038%
2011,MNE,IRN,ALL,470492,0.0018%
2011,MNE,ISR,ALL,1398725,0.0055%
2011,MNE,JOR,ALL,37261,0.00015%
2011,MNE,JPN,ALL,26696266,0.10%
2011,MNE,KAZ,ALL,982932,0.0038%
2011,MNE,KGZ,ALL,191714,0.00075%
2011,MNE,KHM,ALL,316646,0.0012%
2011,MNE,KOR,ALL,12453620,0.049%
2011,MNE,KWT,ALL,1148,0.0000045%
2011,MNE,LAO,ALL,5562,0.000022%
2011,MNE,LBN,ALL,93728,0.00037%
2011,MNE,LKA,ALL,442490,0.0017%
2011,MNE,MAC,ALL,3337,0.000013%
2011,MNE,MDV,ALL,6918,0.000027%
2011,MNE,MMR,ALL,56497,0.00022%
2011,MNE,MNG,ALL,1516,0.0000059%
2011,MNE,MYS,ALL,2518988,0.0098%
2011,MNE,NPL,ALL,2072,0.0000081%
2011,MNE,PAK,ALL,479886,0.0019%
2011,MNE,PHL,ALL,788281,0.0031%
2011,MNE,PRK,ALL,161797,0.00063%
2011,MNE,QAT,ALL,63474,0.00025%
2011,MNE,SAU,ALL,63894,0.00025%
2011,MNE,SGP,ALL,2960377,0.012%
2011,MNE,SYR,ALL,63119,0.00025%
2011,MNE,THA,ALL,6287309,0.025%
2011,MNE,TJK,ALL,8812,0.000034%
2011,MNE,TKM,ALL,2505,0.0000098%
2011,MNE,TUR,ALL,35433010,0.14%
2011,MNE,UZB,ALL,1980,0.0000077%
2011,MNE,VNM,ALL,5915289,0.023%
2011,MNE,XXB,ALL,4386829,0.017%
2011,MNE,ALB,ALL,15116958,0.059%
2011,MNE,AND,ALL,660,0.0000026%
2011,MNE,AUT,ALL,44943899,0.18%
2011,MNE,BEL,ALL,8261154,0.032%
2011,MNE,BGR,ALL,9193624,0.036%
2011,MNE,BIH,ALL,186353220,0.73%
2011,MNE,BLR,ALL,99800,0.00039%
2011,MNE,CHE,ALL,20028362,0.078%
2011,MNE,CZE,ALL,27246207,0.11%
2011,MNE,DEU,ALL,143832771,0.56%
2011,MNE,DNK,ALL,4486409,0.017%
2011,MNE,ESP,ALL,30984603,0.12%
2011,MNE,EST,ALL,195976,0.00076%
2011,MNE,FIN,ALL,2147387,0.0084%
2011,MNE,FRA,ALL,42575210,0.17%
2011,MNE,GBR,ALL,18160947,0.071%
2011,MNE,GIB,ALL,1202,0.0000047%
2011,MNE,GRC,ALL,18473408,0.072%
2011,MNE,HRV,ALL,97065608,0.38%
2011,MNE,HUN,ALL,17138139,0.067%
2011,MNE,IRL,ALL,3000785,0.012%
2011,MNE,ISL,ALL,168476,0.00066%
2011,MNE,ITA,ALL,132460827,0.52%
2011,MNE,LTU,ALL,92594,0.00036%
2011,MNE,LUX,ALL,369333,0.0014%
2011,MNE,LVA,ALL,36937,0.00014%
2011,MNE,MDA,ALL,204475,0.00080%
2011,MNE,MKD,ALL,37654052,0.15%
2011,MNE,MLT,ALL,3378,0.000013%
2011,MNE,NLD,ALL,36257893,0.14%
2011,MNE,NOR,ALL,721607,0.0028%
2011,MNE,POL,ALL,17477299,0.068%
2011,MNE,PRT,ALL,795341,0.0031%
2011,MNE,ROU,ALL,38062738,0.15%
2011,MNE,RUS,ALL,11482851,0.045%
2011,MNE,SMR,ALL,62867,0.00025%
2011,MNE,SRB,ALL,720684165,2.8%
2011,MNE,SVK,ALL,11151921,0.043%
2011,MNE,SVN,ALL,77036539,0.30%
2011,MNE,SWE,ALL,6284336,0.025%
2011,MNE,UKR,ALL,5121227,0.020%
2011,MNE,BHS,ALL,357945,0.0014%
2011,MNE,BLZ,ALL,10702,0.000042%
2011,MNE,BMU,ALL,70,2.7e-7%
2011,MNE,BRB,ALL,69073,0.00027%
2011,MNE,CAN,ALL,1654573,0.0065%
2011,MNE,CRI,ALL,217922,0.00085%
2011,MNE,CUB,ALL,91634,0.00036%
2011,MNE,DMA,ALL,3543,0.000014%
2011,MNE,GRL,ALL,465,0.0000018%
2011,MNE,GTM,ALL,18612,0.000073%
2011,MNE,HND,ALL,29128,0.00011%
2011,MNE,HTI,ALL,444,0.0000017%
2011,MNE,JAM,ALL,2444791,0.0095%
2011,MNE,MEX,ALL,1395397,0.0054%
2011,MNE,NIC,ALL,36822,0.00014%
2011,MNE,PAN,ALL,119770,0.00047%
2011,MNE,SLV,ALL,1176,0.0000046%
2011,MNE,TCA,ALL,586,0.0000023%
2011,MNE,TTO,ALL,517,0.0000020%
2011,MNE,UMI,ALL,2307,0.0000090%
2011,MNE,USA,ALL,18663215,0.073%
2011,MNE,VCT,ALL,62802,0.00024%
2011,MNE,ASM,ALL,10345,0.000040%
2011,MNE,AUS,ALL,418380,0.0016%
2011,MNE,FJI,ALL,503,0.0000020%
2011,MNE,MHL,ALL,54,2.1e-7%
2011,MNE,NFK,ALL,258,0.0000010%
2011,MNE,NZL,ALL,150135,0.00059%
2011,MNE,PCN,ALL,228,8.9e-7%
2011,MNE,VUT,ALL,333,0.0000013%
2011,MNE,WSM,ALL,3213,0.000013%
2011,MNE,ARG,ALL,2022757,0.0079%
2011,MNE,BOL,ALL,56966,0.00022%
2011,MNE,BRA,ALL,35063782,0.14%
2011,MNE,CHL,ALL,212692,0.00083%
2011,MNE,COL,ALL,820627,0.0032%
2011,MNE,ECU,ALL,4795946,0.019%
2011,MNE,FLK,ALL,796869,0.0031%
2011,MNE,GUY,ALL,1329,0.0000052%
2011,MNE,PER,ALL,190017,0.00074%
2011,MNE,SUR,ALL,204,8.0e-7%
2011,MNE,URY,ALL,136047,0.00053%
2011,MNE,VEN,ALL,2760,0.000011%
2011,MNE,XXA,ALL,410069950,1.6%
2012,MNE,BFA,ALL,155,6.0e-7%
2012,MNE,BWA,ALL,818,0.0000032%
2012,MNE,CAF,ALL,25,9.8e-8%
2012,MNE,CIV,ALL,10171,0.000040%
2012,MNE,CMR,ALL,938,0.0000037%
2012,MNE,COD,ALL,178,6.9e-7%
2012,MNE,COM,ALL,92,3.6e-7%
2012,MNE,CPV,ALL,209,8.2e-7%
2012,MNE,DZA,ALL,340670,0.0013%
2012,MNE,EGY,ALL,853505,0.0033%
2012,MNE,ETH,ALL,45481,0.00018%
2012,MNE,GHA,ALL,19293,0.000075%
2012,MNE,GIN,ALL,510,0.0000020%
2012,MNE,GMB,ALL,1,3.9e-9%
2012,MNE,GNB,ALL,4546,0.000018%
2012,MNE,KEN,ALL,144546,0.00056%
2012,MNE,MAR,ALL,1019553,0.0040%
2012,MNE,MDG,ALL,58445,0.00023%
2012,MNE,MLI,ALL,267,0.0000010%
2012,MNE,MOZ,ALL,937,0.0000037%
2012,MNE,MRT,ALL,9193,0.000036%
2012,MNE,MUS,ALL,97383,0.00038%
2012,MNE,MWI,ALL,13,5.1e-8%
2012,MNE,MYT,ALL,130,5.1e-7%
2012,MNE,NAM,ALL,11888,0.000046%
2012,MNE,NER,ALL,81,3.2e-7%
2012,MNE,NGA,ALL,13108,0.000051%
2012,MNE,SEN,ALL,5207,0.000020%
2012,MNE,SLE,ALL,234502,0.00091%
2012,MNE,SWZ,ALL,18747,0.000073%
2012,MNE,TCD,ALL,17,6.6e-8%
2012,MNE,TUN,ALL,966570,0.0038%
2012,MNE,TZA,ALL,2087,0.0000081%
2012,MNE,UGA,ALL,20558,0.000080%
2012,MNE,ZAF,ALL,1055832,0.0041%
2012,MNE,ZMB,ALL,1246,0.0000049%
2012,MNE,ZWE,ALL,1776,0.0000069%
2012,MNE,ATF,ALL,13485,0.000053%
2012,MNE,AFG,ALL,2204,0.0000086%
2012,MNE,ARE,ALL,260831,0.0010%
2012,MNE,ARM,ALL,37545,0.00015%
2012,MNE,BGD,ALL,2960019,0.012%
2012,MNE,BHR,ALL,24621,0.000096%
2012,MNE,CHN,ALL,162611317,0.63%
2012,MNE,CYP,ALL,842589,0.0033%
2012,MNE,GEO,ALL,10155,0.000040%
2012,MNE,HKG,ALL,872426,0.0034%
2012,MNE,IDN,ALL,4022187,0.016%
2012,MNE,IND,ALL,8837716,0.034%
2012,MNE,IOT,ALL,1199,0.0000047%
2012,MNE,IRN,ALL,702430,0.0027%
2012,MNE,IRQ,ALL,144,5.6e-7%
2012,MNE,ISR,ALL,1486541,0.0058%
2012,MNE,JOR,ALL,23097,0.000090%
2012,MNE,JPN,ALL,19357502,0.075%
2012,MNE,KAZ,ALL,1773268,0.0069%
2012,MNE,KGZ,ALL,213117,0.00083%
2012,MNE,KHM,ALL,549337,0.0021%
2012,MNE,KOR,ALL,10280736,0.040%
2012,MNE,KWT,ALL,2468,0.0000096%
2012,MNE,LAO,ALL,16941,0.000066%
2012,MNE,LBN,ALL,88678,0.00035%
2012,MNE,LKA,ALL,543501,0.0021%
2012,MNE,MAC,ALL,2676,0.000010%
2012,MNE,MDV,ALL,4381,0.000017%
2012,MNE,MMR,ALL,66030,0.00026%
2012,MNE,MYS,ALL,1959853,0.0076%
2012,MNE,NPL,ALL,3044,0.000012%
2012,MNE,OMN,ALL,3105,0.000012%
2012,MNE,PAK,ALL,714294,0.0028%
2012,MNE,PHL,ALL,568837,0.0022%
2012,MNE,PRK,ALL,282564,0.0011%
2012,MNE,QAT,ALL,195937,0.00076%
2012,MNE,SAU,ALL,6309,0.000025%
2012,MNE,SGP,ALL,343312,0.0013%
2012,MNE,SYR,ALL,58506,0.00023%
2012,MNE,THA,ALL,5409891,0.021%
2012,MNE,TJK,ALL,21704,0.000085%
2012,MNE,TKM,ALL,17793,0.000069%
2012,MNE,TLS,ALL,62,2.4e-7%
2012,MNE,TUR,ALL,36188123,0.14%
2012,MNE,UZB,ALL,655,0.0000026%
2012,MNE,VNM,ALL,6618612,0.026%
2012,MNE,XXB,ALL,4673924,0.018%
2012,MNE,ALB,ALL,17784471,0.069%
2012,MNE,AUT,ALL,41275776,0.16%
2012,MNE,BEL,ALL,10948133,0.043%
2012,MNE,BGR,ALL,11566551,0.045%
2012,MNE,BIH,ALL,154029528,0.60%
2012,MNE,BLR,ALL,567340,0.0022%
2012,MNE,CHE,ALL,30214398,0.12%
2012,MNE,CZE,ALL,23170171,0.090%
2012,MNE,DEU,ALL,146104926,0.57%
2012,MNE,DNK,ALL,4803691,0.019%
2012,MNE,ESP,ALL,27986664,0.11%
2012,MNE,EST,ALL,239645,0.00093%
2012,MNE,FIN,ALL,1541827,0.0060%
2012,MNE,FRA,ALL,27731184,0.11%
2012,MNE,FRO,ALL,65002,0.00025%
2012,MNE,GBR,ALL,23015482,0.090%
2012,MNE,GIB,ALL,1532,0.0000060%
2012,MNE,GRC,ALL,18021668,0.070%
2012,MNE,HRV,ALL,102734416,0.40%
2012,MNE,HUN,ALL,24074178,0.094%
2012,MNE,IRL,ALL,3276516,0.013%
2012,MNE,ISL,ALL,547066,0.0021%
2012,MNE,ITA,ALL,135156915,0.53%
2012,MNE,LTU,ALL,120746,0.00047%
2012,MNE,LUX,ALL,276184,0.0011%
2012,MNE,LVA,ALL,85703,0.00033%
2012,MNE,MDA,ALL,183795,0.00072%
2012,MNE,MKD,ALL,35218561,0.14%
2012,MNE,MLT,ALL,14657,0.000057%
2012,MNE,NLD,ALL,41192746,0.16%
2012,MNE,NOR,ALL,604058,0.0024%
2012,MNE,POL,ALL,16492546,0.064%
2012,MNE,PRT,ALL,636219,0.0025%
2012,MNE,ROU,ALL,33718573,0.13%
2012,MNE,RUS,ALL,17616198,0.069%
2012,MNE,SMR,ALL,110566,0.00043%
2012,MNE,SRB,ALL,679221772,2.6%
2012,MNE,SVK,ALL,5986034,0.023%
2012,MNE,SVN,ALL,88632288,0.35%
2012,MNE,SWE,ALL,4512787,0.018%
2012,MNE,UKR,ALL,6232737,0.024%
2012,MNE,BHS,ALL,6676,0.000026%
2012,MNE,BRB,ALL,1729,0.0000067%
2012,MNE,CAN,ALL,1448601,0.0056%
2012,MNE,CRI,ALL,1297596,0.0051%
2012,MNE,CUB,ALL,73477,0.00029%
2012,MNE,CYM,ALL,185,7.2e-7%
2012,MNE,DMA,ALL,78389,0.00031%
2012,MNE,GRL,ALL,2606,0.000010%
2012,MNE,GTM,ALL,297453,0.0012%
2012,MNE,HND,ALL,3492,0.000014%
2012,MNE,JAM,ALL,5029860,0.020%
2012,MNE,MEX,ALL,1511613,0.0059%
2012,MNE,MSR,ALL,128,5.0e-7%
2012,MNE,NIC,ALL,227,8.9e-7%
2012,MNE,PAN,ALL,37950,0.00015%
2012,MNE,SLV,ALL,1016,0.0000040%
2012,MNE,SPM,ALL,216,8.4e-7%
2012,MNE,TTO,ALL,7,2.7e-8%
2012,MNE,USA,ALL,16902262,0.066%
2012,MNE,VGB,ALL,47,1.8e-7%
2012,MNE,AUS,ALL,260679,0.0010%
2012,MNE,COK,ALL,222,8.7e-7%
2012,MNE,GUM,ALL,1158,0.0000045%
2012,MNE,NFK,ALL,18,7.0e-8%
2012,MNE,NZL,ALL,386690,0.0015%
2012,MNE,PLW,ALL,187,7.3e-7%
2012,MNE,PYF,ALL,103,4.0e-7%
2012,MNE,WLF,ALL,6206,0.000024%
2012,MNE,ARG,ALL,2031418,0.0079%
2012,MNE,BOL,ALL,34999,0.00014%
2012,MNE,BRA,ALL,19857081,0.077%
2012,MNE,CHL,ALL,353112,0.0014%
2012,MNE,COL,ALL,425061,0.0017%
2012,MNE,ECU,ALL,3412880,0.013%
2012,MNE,FLK,ALL,646519,0.0025%
2012,MNE,GUY,ALL,398,0.0000016%
2012,MNE,PER,ALL,305968,0.0012%
2012,MNE,PRY,ALL,1183,0.0000046%
2012,MNE,SUR,ALL,67,2.6e-7%
2012,MNE,URY,ALL,121264,0.00047%
2012,MNE,VEN,ALL,21959,0.000086%
2012,MNE,XXA,ALL,268467151,1.0%
2013,MNE,BEN,ALL,818,0.0000032%
2013,MNE,BFA,ALL,2,7.8e-9%
2013,MNE,CAF,ALL,308,0.0000012%
2013,MNE,CIV,ALL,6369,0.000025%
2013,MNE,CMR,ALL,7972,0.000031%
2013,MNE,COD,ALL,54368,0.00021%
2013,MNE,DZA,ALL,1442759,0.0056%
2013,MNE,EGY,ALL,793243,0.0031%
2013,MNE,ERI,ALL,2769,0.000011%
2013,MNE,ESH,ALL,344,0.0000013%
2013,MNE,ETH,ALL,20935,0.000082%
2013,MNE,GAB,ALL,332,0.0000013%
2013,MNE,GHA,ALL,27320,0.00011%
2013,MNE,GIN,ALL,6029,0.000024%
2013,MNE,GMB,ALL,10716,0.000042%
2013,MNE,KEN,ALL,172295,0.00067%
2013,MNE,LBR,ALL,32873,0.00013%
2013,MNE,MAR,ALL,1522746,0.0059%
2013,MNE,MDG,ALL,111183,0.00043%
2013,MNE,MLI,ALL,38,1.5e-7%
2013,MNE,MOZ,ALL,2133,0.0000083%
2013,MNE,MRT,ALL,1261,0.0000049%
2013,MNE,MUS,ALL,151743,0.00059%
2013,MNE,MWI,ALL,88,3.4e-7%
2013,MNE,NAM,ALL,26173,0.00010%
2013,MNE,NGA,ALL,538,0.0000021%
2013,MNE,SDN,ALL,34599,0.00013%
2013,MNE,SEN,ALL,37496,0.00015%
2013,MNE,SLE,ALL,124,4.8e-7%
2013,MNE,SOM,ALL,14,5.5e-8%
2013,MNE,SWZ,ALL,83544,0.00033%
2013,MNE,SYC,ALL,169,6.6e-7%
2013,MNE,TGO,ALL,617,0.0000024%
2013,MNE,TUN,ALL,1247367,0.0049%
2013,MNE,TZA,ALL,20738,0.000081%
2013,MNE,UGA,ALL,55004,0.00021%
2013,MNE,ZAF,ALL,1228407,0.0048%
2013,MNE,ZMB,ALL,4627,0.000018%
2013,MNE,ZWE,ALL,1297,0.0000051%
2013,MNE,ATA,ALL,3983,0.000016%
2013,MNE,ATF,ALL,10084,0.000039%
2013,MNE,AFG,ALL,857,0.0000033%
2013,MNE,ARE,ALL,148539,0.00058%
2013,MNE,ARM,ALL,13701,0.000053%
2013,MNE,AZE,ALL,486,0.0000019%
2013,MNE,BGD,ALL,5155607,0.020%
2013,MNE,BHR,ALL,214,8.3e-7%
2013,MNE,CCK,ALL,32,1.2e-7%
2013,MNE,CHN,ALL,182122717,0.71%
2013,MNE,CXR,ALL,666,0.0000026%
2013,MNE,CYP,ALL,1119170,0.0044%
2013,MNE,GEO,ALL,183944,0.00072%
2013,MNE,HKG,ALL,755727,0.0029%
2013,MNE,IDN,ALL,4478154,0.017%
2013,MNE,IND,ALL,6755718,0.026%
2013,MNE,IRN,ALL,320757,0.0013%
2013,MNE,ISR,ALL,877537,0.0034%
2013,MNE,JOR,ALL,28481,0.00011%
2013,MNE,JPN,ALL,21099595,0.082%
2013,MNE,KAZ,ALL,267088,0.0010%
2013,MNE,KGZ,ALL,310318,0.0012%
2013,MNE,KHM,ALL,753679,0.0029%
2013,MNE,KOR,ALL,9773218,0.038%
2013,MNE,KWT,ALL,12225,0.000048%
2013,MNE,LAO,ALL,11357,0.000044%
2013,MNE,LBN,ALL,154134,0.00060%
2013,MNE,LKA,ALL,514459,0.0020%
2013,MNE,MAC,ALL,13692,0.000053%
2013,MNE,MDV,ALL,132,5.1e-7%
2013,MNE,MMR,ALL,85693,0.00033%
2013,MNE,MNG,ALL,788,0.0000031%
2013,MNE,MYS,ALL,1960484,0.0076%
2013,MNE,NPL,ALL,5608,0.000022%
2013,MNE,OMN,ALL,9715,0.000038%
2013,MNE,PAK,ALL,964304,0.0038%
2013,MNE,PHL,ALL,752288,0.0029%
2013,MNE,PRK,ALL,746590,0.0029%
2013,MNE,QAT,ALL,42115,0.00016%
2013,MNE,SAU,ALL,158988,0.00062%
2013,MNE,SGP,ALL,667900,0.0026%
2013,MNE,SYR,ALL,45397,0.00018%
2013,MNE,THA,ALL,5688117,0.022%
2013,MNE,TJK,ALL,6888,0.000027%
2013,MNE,TKM,ALL,25787,0.00010%
2013,MNE,TUR,ALL,43812895,0.17%
2013,MNE,UZB,ALL,79,3.1e-7%
2013,MNE,VNM,ALL,7525902,0.029%
2013,MNE,XXB,ALL,3894701,0.015%
2013,MNE,ALB,ALL,30594361,0.12%
2013,MNE,AUT,ALL,41677376,0.16%
2013,MNE,BEL,ALL,13023533,0.051%
2013,MNE,BGR,ALL,12440670,0.049%
2013,MNE,BIH,ALL,163236065,0.64%
2013,MNE,BLR,ALL,807263,0.0031%
2013,MNE,CHE,ALL,17226614,0.067%
2013,MNE,CZE,ALL,15449696,0.060%
2013,MNE,DEU,ALL,149632061,0.58%
2013,MNE,DNK,ALL,2174922,0.0085%
2013,MNE,ESP,ALL,48450040,0.19%
2013,MNE,EST,ALL,349496,0.0014%
2013,MNE,FIN,ALL,1907000,0.0074%
2013,MNE,FRA,ALL,22588316,0.088%
2013,MNE,FRO,ALL,7580,0.000030%
2013,MNE,GBR,ALL,15166666,0.059%
2013,MNE,GIB,ALL,3228,0.000013%
2013,MNE,GRC,ALL,19178756,0.075%
2013,MNE,HRV,ALL,103253963,0.40%
2013,MNE,HUN,ALL,27610773,0.11%
2013,MNE,IRL,ALL,2961271,0.012%
2013,MNE,ISL,ALL,537771,0.0021%
2013,MNE,ITA,ALL,145987250,0.57%
2013,MNE,LTU,ALL,184908,0.00072%
2013,MNE,LUX,ALL,194793,0.00076%
2013,MNE,LVA,ALL,244914,0.00096%
2013,MNE,MDA,ALL,221057,0.00086%
2013,MNE,MKD,ALL,33011753,0.13%
2013,MNE,MLT,ALL,17973,0.000070%
2013,MNE,NLD,ALL,38841442,0.15%
2013,MNE,NOR,ALL,571513,0.0022%
2013,MNE,POL,ALL,21959655,0.086%
2013,MNE,PRT,ALL,1023548,0.0040%
2013,MNE,ROU,ALL,25815794,0.10%
2013,MNE,RUS,ALL,4643722,0.018%
2013,MNE,SMR,ALL,135828,0.00053%
2013,MNE,SRB,ALL,665741574,2.6%
2013,MNE,SVK,ALL,7373065,0.029%
2013,MNE,SVN,ALL,75257121,0.29%
2013,MNE,SWE,ALL,10491968,0.041%
2013,MNE,UKR,ALL,6738721,0.026%
2013,MNE,VAT,ALL,28,1.1e-7%
2013,MNE,ABW,ALL,9,3.5e-8%
2013,MNE,BHS,ALL,21372,0.000083%
2013,MNE,BLZ,ALL,29,1.1e-7%
2013,MNE,BMU,ALL,1832,0.0000071%
2013,MNE,CAN,ALL,1776450,0.0069%
2013,MNE,CRI,ALL,745821,0.0029%
2013,MNE,CUB,ALL,53637,0.00021%
2013,MNE,CYM,ALL,34991,0.00014%
2013,MNE,DMA,ALL,82706,0.00032%
2013,MNE,GRD,ALL,870,0.0000034%
2013,MNE,GRL,ALL,1484,0.0000058%
2013,MNE,GTM,ALL,303762,0.0012%
2013,MNE,HND,ALL,232583,0.00091%
2013,MNE,JAM,ALL,1832,0.0000071%
2013,MNE,MEX,ALL,1241335,0.0048%
2013,MNE,MSR,ALL,34814,0.00014%
2013,MNE,NIC,ALL,295,0.0000012%
2013,MNE,PAN,ALL,68703,0.00027%
2013,MNE,SLV,ALL,276,0.0000011%
2013,MNE,SPM,ALL,154,6.0e-7%
2013,MNE,TCA,ALL,1346,0.0000052%
2013,MNE,TTO,ALL,218,8.5e-7%
2013,MNE,UMI,ALL,645,0.0000025%
2013,MNE,USA,ALL,19311009,0.075%
2013,MNE,VCT,ALL,4912,0.000019%
2013,MNE,VGB,ALL,40270,0.00016%
2013,MNE,AUS,ALL,117243,0.00046%
2013,MNE,GUM,ALL,178,6.9e-7%
2013,MNE,MHL,ALL,2488,0.0000097%
2013,MNE,MNP,ALL,83,3.2e-7%
2013,MNE,NZL,ALL,429460,0.0017%
2013,MNE,PLW,ALL,11,4.3e-8%
2013,MNE,PYF,ALL,943,0.0000037%
2013,MNE,TKL,ALL,369,0.0000014%
2013,MNE,TON,ALL,162,6.3e-7%
2013,MNE,TUV,ALL,251,9.8e-7%
2013,MNE,VUT,ALL,240512,0.00094%
2013,MNE,WSM,ALL,86,3.4e-7%
2013,MNE,ARG,ALL,2238487,0.0087%
2013,MNE,BOL,ALL,18782,0.000073%
2013,MNE,BRA,ALL,17623410,0.069%
2013,MNE,CHL,ALL,352505,0.0014%
2013,MNE,COL,ALL,470443,0.0018%
2013,MNE,ECU,ALL,5289544,0.021%
2013,MNE,FLK,ALL,630941,0.0025%
2013,MNE,GUY,ALL,380,0.0000015%
2013,MNE,PER,ALL,205594,0.00080%
2013,MNE,PRY,ALL,533,0.0000021%
2013,MNE,SUR,ALL,397,0.0000015%
2013,MNE,URY,ALL,211336,0.00082%
2013,MNE,VEN,ALL,1747,0.0000068%
2013,MNE,XXA,ALL,261951342,1.0%
2014,MNE,BEN,ALL,1525,0.0000059%
2014,MNE,BFA,ALL,63,2.5e-7%
2014,MNE,CAF,ALL,170,6.6e-7%
2014,MNE,CIV,ALL,20792,0.000081%
2014,MNE,CMR,ALL,438,0.0000017%
2014,MNE,COD,ALL,698,0.0000027%
2014,MNE,COG,ALL,164,6.4e-7%
2014,MNE,DZA,ALL,48816,0.00019%
2014,MNE,EGY,ALL,916149,0.0036%
2014,MNE,ESH,ALL,8,3.1e-8%
2014,MNE,ETH,ALL,50209,0.00020%
2014,MNE,GAB,ALL,803,0.0000031%
2014,MNE,GHA,ALL,23249,0.000091%
2014,MNE,GIN,ALL,957,0.0000037%
2014,MNE,GNB,ALL,18615,0.000073%
2014,MNE,KEN,ALL,155469,0.00061%
2014,MNE,MAR,ALL,1611184,0.0063%
2014,MNE,MDG,ALL,82021,0.00032%
2014,MNE,MLI,ALL,4376,0.000017%
2014,MNE,MOZ,ALL,353,0.0000014%
2014,MNE,MRT,ALL,22371,0.000087%
2014,MNE,MUS,ALL,166315,0.00065%
2014,MNE,MWI,ALL,14,5.5e-8%
2014,MNE,NAM,ALL,30744,0.00012%
2014,MNE,NER,ALL,192,7.5e-7%
2014,MNE,NGA,ALL,1790,0.0000070%
2014,MNE,RWA,ALL,3300,0.000013%
2014,MNE,SDN,ALL,1710,0.0000067%
2014,MNE,SEN,ALL,5312,0.000021%
2014,MNE,SOM,ALL,637,0.0000025%
2014,MNE,SWZ,ALL,5527,0.000022%
2014,MNE,SYC,ALL,30,1.2e-7%
2014,MNE,TCD,ALL,342,0.0000013%
2014,MNE,TUN,ALL,1320426,0.0051%
2014,MNE,TZA,ALL,62758,0.00024%
2014,MNE,UGA,ALL,2263,0.0000088%
2014,MNE,ZAF,ALL,951447,0.0037%
2014,MNE,ZMB,ALL,4924,0.000019%
2014,MNE,ZWE,ALL,3311,0.000013%
2014,MNE,ATF,ALL,10684,0.000042%
2014,MNE,ARE,ALL,243494,0.00095%
2014,MNE,ARM,ALL,4546,0.000018%
2014,MNE,AZE,ALL,14171,0.000055%
2014,MNE,BGD,ALL,7275573,0.028%
2014,MNE,BRN,ALL,13,5.1e-8%
2014,MNE,CCK,ALL,1645,0.0000064%
2014,MNE,CHN,ALL,167402556,0.65%
2014,MNE,CYP,ALL,3299670,0.013%
2014,MNE,GEO,ALL,59648,0.00023%
2014,MNE,HKG,ALL,1346074,0.0052%
2014,MNE,IDN,ALL,4623762,0.018%
2014,MNE,IND,ALL,7426650,0.029%
2014,MNE,IRN,ALL,507280,0.0020%
2014,MNE,IRQ,ALL,3244,0.000013%
2014,MNE,ISR,ALL,953154,0.0037%
2014,MNE,JOR,ALL,7296,0.000028%
2014,MNE,JPN,ALL,23677056,0.092%
2014,MNE,KAZ,ALL,41379,0.00016%
2014,MNE,KGZ,ALL,376978,0.0015%
2014,MNE,KHM,ALL,998559,0.0039%
2014,MNE,KOR,ALL,9272115,0.036%
2014,MNE,KWT,ALL,21743,0.000085%
2014,MNE,LAO,ALL,19316,0.000075%
2014,MNE,LBN,ALL,66728,0.00026%
2014,MNE,LKA,ALL,465440,0.0018%
2014,MNE,MAC,ALL,3785,0.000015%
2014,MNE,MMR,ALL,133086,0.00052%
2014,MNE,MNG,ALL,271,0.0000011%
2014,MNE,MYS,ALL,2223798,0.0087%
2014,MNE,NPL,ALL,44968,0.00018%
2014,MNE,OMN,ALL,10182,0.000040%
2014,MNE,PAK,ALL,1207133,0.0047%
2014,MNE,PHL,ALL,703532,0.0027%
2014,MNE,PRK,ALL,119657,0.00047%
2014,MNE,QAT,ALL,42466,0.00017%
2014,MNE,SAU,ALL,245902,0.00096%
2014,MNE,SGP,ALL,788069,0.0031%
2014,MNE,SYR,ALL,54826,0.00021%
2014,MNE,THA,ALL,5806261,0.023%
2014,MNE,TJK,ALL,3427,0.000013%
2014,MNE,TKM,ALL,27541,0.00011%
2014,MNE,TUR,ALL,47841960,0.19%
2014,MNE,UZB,ALL,161,6.3e-7%
2014,MNE,VNM,ALL,11676407,0.046%
2014,MNE,XXB,ALL,3804190,0.015%
2014,MNE,YEM,ALL,675,0.0000026%
2014,MNE,ALB,ALL,33013081,0.13%
2014,MNE,AND,ALL,15643,0.000061%
2014,MNE,AUT,ALL,39404306,0.15%
2014,MNE,BEL,ALL,10689620,0.042%
2014,MNE,BGR,ALL,10928051,0.043%
2014,MNE,BIH,ALL,163155346,0.64%
2014,MNE,BLR,ALL,247139,0.00096%
2014,MNE,CHE,ALL,16585279,0.065%
2014,MNE,CZE,ALL,16971485,0.066%
2014,MNE,DEU,ALL,150278664,0.59%
2014,MNE,DNK,ALL,3089163,0.012%
2014,MNE,ESP,ALL,45496652,0.18%
2014,MNE,EST,ALL,198378,0.00077%
2014,MNE,FIN,ALL,569436,0.0022%
2014,MNE,FRA,ALL,36967356,0.14%
2014,MNE,GBR,ALL,16758703,0.065%
2014,MNE,GIB,ALL,31,1.2e-7%
2014,MNE,GRC,ALL,21267535,0.083%
2014,MNE,HRV,ALL,111901302,0.44%
2014,MNE,HUN,ALL,27399638,0.11%
2014,MNE,IRL,ALL,1711502,0.0067%
2014,MNE,ISL,ALL,203587,0.00079%
2014,MNE,ITA,ALL,147471648,0.58%
2014,MNE,LTU,ALL,240554,0.00094%
2014,MNE,LUX,ALL,474236,0.0018%
2014,MNE,LVA,ALL,1114564,0.0043%
2014,MNE,MDA,ALL,233930,0.00091%
2014,MNE,MKD,ALL,34412305,0.13%
2014,MNE,MLT,ALL,89821,0.00035%
2014,MNE,NLD,ALL,78718639,0.31%
2014,MNE,NOR,ALL,1234477,0.0048%
2014,MNE,POL,ALL,21926681,0.086%
2014,MNE,PRT,ALL,1153519,0.0045%
2014,MNE,ROU,ALL,31386235,0.12%
2014,MNE,RUS,ALL,4215967,0.016%
2014,MNE,SMR,ALL,183622,0.00072%
2014,MNE,SRB,ALL,632764301,2.5%
2014,MNE,SVK,ALL,6486004,0.025%
2014,MNE,SVN,ALL,72112720,0.28%
2014,MNE,SWE,ALL,5631089,0.022%
2014,MNE,UKR,ALL,2857516,0.011%
2014,MNE,VAT,ALL,33418,0.00013%
2014,MNE,BHS,ALL,18775,0.000073%
2014,MNE,BRB,ALL,1031,0.0000040%
2014,MNE,CAN,ALL,1503351,0.0059%
2014,MNE,CRI,ALL,840237,0.0033%
2014,MNE,CUB,ALL,209432,0.00082%
2014,MNE,CYM,ALL,310,0.0000012%
2014,MNE,DMA,ALL,68428,0.00027%
2014,MNE,GRD,ALL,2096,0.0000082%
2014,MNE,GTM,ALL,35819,0.00014%
2014,MNE,HND,ALL,51924,0.00020%
2014,MNE,HTI,ALL,47,1.8e-7%
2014,MNE,JAM,ALL,7763,0.000030%
2014,MNE,MEX,ALL,2122931,0.0083%
2014,MNE,MSR,ALL,88944,0.00035%
2014,MNE,NIC,ALL,2378,0.0000093%
2014,MNE,PAN,ALL,54436,0.00021%
2014,MNE,SLV,ALL,93,3.6e-7%
2014,MNE,TTO,ALL,315,0.0000012%
2014,MNE,USA,ALL,20129463,0.079%
2014,MNE,VCT,ALL,29,1.1e-7%
2014,MNE,ASM,ALL,495,0.0000019%
2014,MNE,AUS,ALL,266430,0.0010%
2014,MNE,COK,ALL,37,1.4e-7%
2014,MNE,FJI,ALL,716,0.0000028%
2014,MNE,GUM,ALL,20,7.8e-8%
2014,MNE,NZL,ALL,380125,0.0015%
2014,MNE,PLW,ALL,595,0.0000023%
2014,MNE,PYF,ALL,26450,0.00010%
2014,MNE,TKL,ALL,268,0.0000010%
2014,MNE,WLF,ALL,5243,0.000020%
2014,MNE,ARG,ALL,1917145,0.0075%
2014,MNE,BOL,ALL,72844,0.00028%
2014,MNE,BRA,ALL,16127417,0.063%
2014,MNE,CHL,ALL,417638,0.0016%
2014,MNE,COL,ALL,122909,0.00048%
2014,MNE,ECU,ALL,6350533,0.025%
2014,MNE,FLK,ALL,938942,0.0037%
2014,MNE,GUY,ALL,3815,0.000015%
2014,MNE,PER,ALL,283609,0.0011%
2014,MNE,SUR,ALL,47968,0.00019%
2014,MNE,URY,ALL,29999,0.00012%
2014,MNE,VEN,ALL,3814,0.000015%
2014,MNE,XXA,ALL,256646951,1.0%
2015,MNE,AGO,ALL,1744,0.0000068%
2015,MNE,BDI,ALL,2839,0.000011%
2015,MNE,BEN,ALL,1091,0.0000043%
2015,MNE,BFA,ALL,242,9.4e-7%
2015,MNE,BWA,ALL,1754,0.0000068%
2015,MNE,CIV,ALL,3990,0.000016%
2015,MNE,CMR,ALL,70,2.7e-7%
2015,MNE,COD,ALL,2270,0.0000089%
2015,MNE,COG,ALL,845,0.0000033%
2015,MNE,COM,ALL,2097,0.0000082%
2015,MNE,CPV,ALL,274,0.0000011%
2015,MNE,DZA,ALL,714241,0.0028%
2015,MNE,EGY,ALL,1330645,0.0052%
2015,MNE,ESH,ALL,7938,0.000031%
2015,MNE,ETH,ALL,15361,0.000060%
2015,MNE,GAB,ALL,6312,0.000025%
2015,MNE,GHA,ALL,15363,0.000060%
2015,MNE,GIN,ALL,3122,0.000012%
2015,MNE,GNB,ALL,36519,0.00014%
2015,MNE,GNQ,ALL,3484,0.000014%
2015,MNE,KEN,ALL,176684,0.00069%
2015,MNE,LBR,ALL,150,5.9e-7%
2015,MNE,MAR,ALL,1699055,0.0066%
2015,MNE,MDG,ALL,46016,0.00018%
2015,MNE,MLI,ALL,636,0.0000025%
2015,MNE,MOZ,ALL,645,0.0000025%
2015,MNE,MRT,ALL,40477,0.00016%
2015,MNE,MUS,ALL,170950,0.00067%
2015,MNE,NAM,ALL,35274,0.00014%
2015,MNE,NGA,ALL,107,4.2e-7%
2015,MNE,SDN,ALL,2077,0.0000081%
2015,MNE,SEN,ALL,18485,0.000072%
2015,MNE,SHN,ALL,350,0.0000014%
2015,MNE,SLE,ALL,5,2.0e-8%
2015,MNE,SOM,ALL,13284,0.000052%
2015,MNE,SWZ,ALL,485511,0.0019%
2015,MNE,SYC,ALL,290,0.0000011%
2015,MNE,TCD,ALL,566,0.0000022%
2015,MNE,TGO,ALL,11,4.3e-8%
2015,MNE,TUN,ALL,1021961,0.0040%
2015,MNE,TZA,ALL,12369,0.000048%
2015,MNE,UGA,ALL,3676,0.000014%
2015,MNE,ZAF,ALL,1343474,0.0052%
2015,MNE,ZMB,ALL,1672,0.0000065%
2015,MNE,ZWE,ALL,42627,0.00017%
2015,MNE,AFG,ALL,1241,0.0000048%
2015,MNE,ARE,ALL,198890,0.00078%
2015,MNE,ARM,ALL,34912,0.00014%
2015,MNE,AZE,ALL,17045,0.000066%
2015,MNE,BGD,ALL,7092236,0.028%
2015,MNE,BHR,ALL,21723,0.000085%
2015,MNE,BTN,ALL,532,0.0000021%
2015,MNE,CCK,ALL,73,2.8e-7%
2015,MNE,CHN,ALL,200335380,0.78%
2015,MNE,CYP,ALL,890565,0.0035%
2015,MNE,GEO,ALL,16876,0.000066%
2015,MNE,HKG,ALL,1303394,0.0051%
2015,MNE,IDN,ALL,6277351,0.024%
2015,MNE,IND,ALL,7172058,0.028%
2015,MNE,IRN,ALL,398099,0.0016%
2015,MNE,IRQ,ALL,43,1.7e-7%
2015,MNE,ISR,ALL,972139,0.0038%
2015,MNE,JOR,ALL,38591,0.00015%
2015,MNE,JPN,ALL,17554412,0.068%
2015,MNE,KAZ,ALL,31430,0.00012%
2015,MNE,KGZ,ALL,384531,0.0015%
2015,MNE,KHM,ALL,943459,0.0037%
2015,MNE,KOR,ALL,15257872,0.060%
2015,MNE,KWT,ALL,4352,0.000017%
2015,MNE,LAO,ALL,6388,0.000025%
2015,MNE,LBN,ALL,13142,0.000051%
2015,MNE,LKA,ALL,316357,0.0012%
2015,MNE,MAC,ALL,6073,0.000024%
2015,MNE,MDV,ALL,537,0.0000021%
2015,MNE,MMR,ALL,152039,0.00059%
2015,MNE,MYS,ALL,1836122,0.0072%
2015,MNE,NPL,ALL,1214,0.0000047%
2015,MNE,OMN,ALL,5741,0.000022%
2015,MNE,PAK,ALL,1104176,0.0043%
2015,MNE,PHL,ALL,627337,0.0024%
2015,MNE,PRK,ALL,268699,0.0010%
2015,MNE,QAT,ALL,33719,0.00013%
2015,MNE,SAU,ALL,67500,0.00026%
2015,MNE,SGP,ALL,713819,0.0028%
2015,MNE,SYR,ALL,10891,0.000042%
2015,MNE,THA,ALL,5058688,0.020%
2015,MNE,TJK,ALL,56,2.2e-7%
2015,MNE,TKM,ALL,15423,0.000060%
2015,MNE,TUR,ALL,47256918,0.18%
2015,MNE,VNM,ALL,13389049,0.052%
2015,MNE,YEM,ALL,1101,0.0000043%
2015,MNE,ALB,ALL,28654370,0.11%
2015,MNE,AND,ALL,159544,0.00062%
2015,MNE,AUT,ALL,30693246,0.12%
2015,MNE,BEL,ALL,8344033,0.033%
2015,MNE,BGR,ALL,11194160,0.044%
2015,MNE,BIH,ALL,131966106,0.51%
2015,MNE,BLR,ALL,282152,0.0011%
2015,MNE,CHE,ALL,13170641,0.051%
2015,MNE,CZE,ALL,17189540,0.067%
2015,MNE,DEU,ALL,127877923,0.50%
2015,MNE,DNK,ALL,4037446,0.016%
2015,MNE,ESP,ALL,35151342,0.14%
2015,MNE,EST,ALL,163300,0.00064%
2015,MNE,FIN,ALL,2115794,0.0083%
2015,MNE,FRA,ALL,24337556,0.095%
2015,MNE,FRO,ALL,30694,0.00012%
2015,MNE,GBR,ALL,13070608,0.051%
2015,MNE,GIB,ALL,33,1.3e-7%
2015,MNE,GRC,ALL,16817747,0.066%
2015,MNE,HRV,ALL,93807135,0.37%
2015,MNE,HUN,ALL,22146877,0.086%
2015,MNE,IRL,ALL,2628442,0.010%
2015,MNE,ISL,ALL,702087,0.0027%
2015,MNE,ITA,ALL,128651579,0.50%
2015,MNE,LTU,ALL,255660,0.0010%
2015,MNE,LUX,ALL,949823,0.0037%
2015,MNE,LVA,ALL,491446,0.0019%
2015,MNE,MDA,ALL,203846,0.00080%
2015,MNE,MKD,ALL,30049515,0.12%
2015,MNE,MLT,ALL,18172,0.000071%
2015,MNE,NLD,ALL,34919242,0.14%
2015,MNE,NOR,ALL,1009897,0.0039%
2015,MNE,POL,ALL,21374543,0.083%
2015,MNE,PRT,ALL,590079,0.0023%
2015,MNE,ROU,ALL,24462117,0.095%
2015,MNE,RUS,ALL,4767240,0.019%
2015,MNE,SMR,ALL,100883,0.00039%
2015,MNE,SRB,ALL,572569579,2.2%
2015,MNE,SVK,ALL,5143085,0.020%
2015,MNE,SVN,ALL,61683787,0.24%
2015,MNE,SWE,ALL,6795180,0.027%
2015,MNE,UKR,ALL,4132884,0.016%
2015,MNE,VAT,ALL,1110,0.0000043%
2015,MNE,ABW,ALL,114,4.4e-7%
2015,MNE,BHS,ALL,587,0.0000023%
2015,MNE,BLZ,ALL,963,0.0000038%
2015,MNE,BRB,ALL,5206,0.000020%
2015,MNE,CAN,ALL,1349849,0.0053%
2015,MNE,CRI,ALL,768453,0.0030%
2015,MNE,CUB,ALL,199896,0.00078%
2015,MNE,CYM,ALL,32704,0.00013%
2015,MNE,DMA,ALL,50971,0.00020%
2015,MNE,GRD,ALL,4550,0.000018%
2015,MNE,GTM,ALL,9050,0.000035%
2015,MNE,HND,ALL,15818,0.000062%
2015,MNE,HTI,ALL,212,8.3e-7%
2015,MNE,JAM,ALL,21618,0.000084%
2015,MNE,MEX,ALL,2492774,0.0097%
2015,MNE,MSR,ALL,23846,0.000093%
2015,MNE,NIC,ALL,1855,0.0000072%
2015,MNE,PAN,ALL,65596,0.00026%
2015,MNE,SLV,ALL,1031,0.0000040%
2015,MNE,SPM,ALL,8728,0.000034%
2015,MNE,TCA,ALL,921,0.0000036%
2015,MNE,TTO,ALL,34,1.3e-7%
2015,MNE,UMI,ALL,521,0.0000020%
2015,MNE,USA,ALL,17912514,0.070%
2015,MNE,VGB,ALL,6442,0.000025%
2015,MNE,AUS,ALL,279225,0.0011%
2015,MNE,KIR,ALL,104,4.1e-7%
2015,MNE,NCL,ALL,1128,0.0000044%
2015,MNE,NRU,ALL,9,3.5e-8%
2015,MNE,NZL,ALL,240240,0.00094%
2015,MNE,PYF,ALL,301,0.0000012%
2015,MNE,TKL,ALL,277,0.0000011%
2015,MNE,TUV,ALL,68,2.7e-7%
2015,MNE,VUT,ALL,342,0.0000013%
2015,MNE,ARG,ALL,1933361,0.0075%
2015,MNE,BOL,ALL,31819,0.00012%
2015,MNE,BRA,ALL,13446567,0.052%
2015,MNE,CHL,ALL,471697,0.0018%
2015,MNE,COL,ALL,163134,0.00064%
2015,MNE,ECU,ALL,5631670,0.022%
2015,MNE,FLK,ALL,918105,0.0036%
2015,MNE,GUY,ALL,9,3.5e-8%
2015,MNE,PER,ALL,309474,0.0012%
2015,MNE,PRY,ALL,176474,0.00069%
2015,MNE,SUR,ALL,205293,0.00080%
2015,MNE,URY,ALL,167034,0.00065%
2015,MNE,VEN,ALL,5555,0.000022%
2016,MNE,BDI,ALL,43,1.7e-7%
2016,MNE,BEN,ALL,1386,0.0000054%
2016,MNE,CAF,ALL,11,4.3e-8%
2016,MNE,CIV,ALL,10725,0.000042%
2016,MNE,CMR,ALL,72678,0.00028%
2016,MNE,COM,ALL,2454,0.0000096%
2016,MNE,CPV,ALL,4471,0.000017%
2016,MNE,DZA,ALL,2360,0.0000092%
2016,MNE,EGY,ALL,975963,0.0038%
2016,MNE,ETH,ALL,18380,0.000072%
2016,MNE,GAB,ALL,208220,0.00081%
2016,MNE,GHA,ALL,13173,0.000051%
2016,MNE,GIN,ALL,32,1.2e-7%
2016,MNE,GMB,ALL,244,9.5e-7%
2016,MNE,GNB,ALL,36768,0.00014%
2016,MNE,GNQ,ALL,45,1.8e-7%
2016,MNE,KEN,ALL,134280,0.00052%
2016,MNE,LBR,ALL,9181,0.000036%
2016,MNE,LBY,ALL,4412,0.000017%
2016,MNE,MAR,ALL,1964285,0.0077%
2016,MNE,MDG,ALL,53356,0.00021%
2016,MNE,MRT,ALL,61311,0.00024%
2016,MNE,MUS,ALL,135631,0.00053%
2016,MNE,MWI,ALL,16,6.2e-8%
2016,MNE,NAM,ALL,39644,0.00015%
2016,MNE,NGA,ALL,9933,0.000039%
2016,MNE,SDN,ALL,964,0.0000038%
2016,MNE,SEN,ALL,23101,0.000090%
2016,MNE,SHN,ALL,620,0.0000024%
2016,MNE,SLE,ALL,165,6.4e-7%
2016,MNE,SWZ,ALL,16390,0.000064%
2016,MNE,TCD,ALL,4998,0.000019%
2016,MNE,TUN,ALL,1323839,0.0052%
2016,MNE,TZA,ALL,31909,0.00012%
2016,MNE,UGA,ALL,1169,0.0000046%
2016,MNE,ZAF,ALL,1544515,0.0060%
2016,MNE,ZMB,ALL,1939,0.0000076%
2016,MNE,ZWE,ALL,206223,0.00080%
2016,MNE,ATA,ALL,25,9.8e-8%
2016,MNE,ATF,ALL,200,7.8e-7%
2016,MNE,HMD,ALL,268,0.0000010%
2016,MNE,AFG,ALL,9248,0.000036%
2016,MNE,ARE,ALL,559655,0.0022%
2016,MNE,ARM,ALL,10099,0.000039%
2016,MNE,AZE,ALL,15400,0.000060%
2016,MNE,BGD,ALL,7480874,0.029%
2016,MNE,BHR,ALL,545,0.0000021%
2016,MNE,CCK,ALL,219,8.5e-7%
2016,MNE,CHN,ALL,192580751,0.75%
2016,MNE,CXR,ALL,139,5.4e-7%
2016,MNE,CYP,ALL,2130745,0.0083%
2016,MNE,GEO,ALL,5659,0.000022%
2016,MNE,HKG,ALL,787886,0.0031%
2016,MNE,IDN,ALL,6325643,0.025%
2016,MNE,IND,ALL,12160117,0.047%
2016,MNE,IRN,ALL,664461,0.0026%
2016,MNE,IRQ,ALL,1772,0.0000069%
2016,MNE,ISR,ALL,952179,0.0037%
2016,MNE,JOR,ALL,42130,0.00016%
2016,MNE,JPN,ALL,19047590,0.074%
2016,MNE,KAZ,ALL,102778,0.00040%
2016,MNE,KGZ,ALL,765038,0.0030%
2016,MNE,KHM,ALL,1351136,0.0053%
2016,MNE,KOR,ALL,7098321,0.028%
2016,MNE,KWT,ALL,3013,0.000012%
2016,MNE,LAO,ALL,12520,0.000049%
2016,MNE,LBN,ALL,113488,0.00044%
2016,MNE,LKA,ALL,362153,0.0014%
2016,MNE,MAC,ALL,2416,0.0000094%
2016,MNE,MDV,ALL,475,0.0000019%
2016,MNE,MMR,ALL,200664,0.00078%
2016,MNE,MNG,ALL,44,1.7e-7%
2016,MNE,MYS,ALL,2339876,0.0091%
2016,MNE,NPL,ALL,39,1.5e-7%
2016,MNE,OMN,ALL,681,0.0000027%
2016,MNE,PAK,ALL,1610443,0.0063%
2016,MNE,PHL,ALL,724683,0.0028%
2016,MNE,PRK,ALL,93034,0.00036%
2016,MNE,QAT,ALL,1434,0.0000056%
2016,MNE,SAU,ALL,61989,0.00024%
2016,MNE,SGP,ALL,539512,0.0021%
2016,MNE,SYR,ALL,2093,0.0000082%
2016,MNE,THA,ALL,4523561,0.018%
2016,MNE,TJK,ALL,5039,0.000020%
2016,MNE,TKM,ALL,14886,0.000058%
2016,MNE,TLS,ALL,721,0.0000028%
2016,MNE,TUR,ALL,73650457,0.29%
2016,MNE,UZB,ALL,653,0.0000025%
2016,MNE,VNM,ALL,15718053,0.061%
2016,MNE,ALB,ALL,29833251,0.12%
2016,MNE,AND,ALL,144376,0.00056%
2016,MNE,AUT,ALL,37563814,0.15%
2016,MNE,BEL,ALL,12807706,0.050%
2016,MNE,BGR,ALL,14518482,0.057%
2016,MNE,BIH,ALL,121299764,0.47%
2016,MNE,BLR,ALL,143532,0.00056%
2016,MNE,CHE,ALL,14453879,0.056%
2016,MNE,CZE,ALL,27907098,0.11%
2016,MNE,DEU,ALL,234908207,0.92%
2016,MNE,DNK,ALL,4748966,0.019%
2016,MNE,ESP,ALL,47952141,0.19%
2016,MNE,EST,ALL,541046,0.0021%
2016,MNE,FIN,ALL,5883392,0.023%
2016,MNE,FRA,ALL,44898952,0.18%
2016,MNE,FRO,ALL,44830,0.00017%
2016,MNE,GBR,ALL,17452064,0.068%
2016,MNE,GIB,ALL,1849,0.0000072%
2016,MNE,GRC,ALL,27912567,0.11%
2016,MNE,HRV,ALL,90928188,0.35%
2016,MNE,HUN,ALL,20942495,0.082%
2016,MNE,IRL,ALL,2976461,0.012%
2016,MNE,ISL,ALL,286013,0.0011%
2016,MNE,ITA,ALL,165588264,0.65%
2016,MNE,LTU,ALL,272518,0.0011%
2016,MNE,LUX,ALL,1715695,0.0067%
2016,MNE,LVA,ALL,12816582,0.050%
2016,MNE,MDA,ALL,187783,0.00073%
2016,MNE,MKD,ALL,28951704,0.11%
2016,MNE,MLT,ALL,68664,0.00027%
2016,MNE,NLD,ALL,35429770,0.14%
2016,MNE,NOR,ALL,18946065,0.074%
2016,MNE,POL,ALL,34213698,0.13%
2016,MNE,PRT,ALL,3147753,0.012%
2016,MNE,ROU,ALL,27586211,0.11%
2016,MNE,RUS,ALL,5184914,0.020%
2016,MNE,SMR,ALL,12611,0.000049%
2016,MNE,SRB,ALL,502988478,2.0%
2016,MNE,SVK,ALL,7302408,0.028%
2016,MNE,SVN,ALL,47574465,0.19%
2016,MNE,SWE,ALL,19319925,0.075%
2016,MNE,UKR,ALL,6253075,0.024%
2016,MNE,VAT,ALL,641,0.0000025%
2016,MNE,ABW,ALL,209,8.2e-7%
2016,MNE,BHS,ALL,179,7.0e-7%
2016,MNE,BLZ,ALL,4370,0.000017%
2016,MNE,BMU,ALL,1723,0.0000067%
2016,MNE,BRB,ALL,6509,0.000025%
2016,MNE,CAN,ALL,2117675,0.0083%
2016,MNE,CRI,ALL,870042,0.0034%
2016,MNE,CUB,ALL,189912,0.00074%
2016,MNE,CUW,ALL,334,0.0000013%
2016,MNE,CYM,ALL,2135,0.0000083%
2016,MNE,DMA,ALL,56087,0.00022%
2016,MNE,GRD,ALL,2689,0.000010%
2016,MNE,GRL,ALL,1750,0.0000068%
2016,MNE,GTM,ALL,6305,0.000025%
2016,MNE,HND,ALL,44745,0.00017%
2016,MNE,HTI,ALL,581,0.0000023%
2016,MNE,JAM,ALL,11587,0.000045%
2016,MNE,MEX,ALL,2104286,0.0082%
2016,MNE,MSR,ALL,1406,0.0000055%
2016,MNE,NIC,ALL,1555,0.0000061%
2016,MNE,PAN,ALL,38115,0.00015%
2016,MNE,SLV,ALL,1979,0.0000077%
2016,MNE,SPM,ALL,905,0.0000035%
2016,MNE,TTO,ALL,1670,0.0000065%
2016,MNE,UMI,ALL,389,0.0000015%
2016,MNE,USA,ALL,26767123,0.10%
2016,MNE,VCT,ALL,133,5.2e-7%
2016,MNE,VGB,ALL,18113,0.000071%
2016,MNE,AUS,ALL,314993,0.0012%
2016,MNE,FJI,ALL,305,0.0000012%
2016,MNE,FSM,ALL,952,0.0000037%
2016,MNE,NIU,ALL,2464,0.0000096%
2016,MNE,NRU,ALL,10,3.9e-8%
2016,MNE,NZL,ALL,516811,0.0020%
2016,MNE,PLW,ALL,449,0.0000018%
2016,MNE,PNG,ALL,1151,0.0000045%
2016,MNE,PYF,ALL,688,0.0000027%
2016,MNE,SLB,ALL,164,6.4e-7%
2016,MNE,TKL,ALL,1098,0.0000043%
2016,MNE,TUV,ALL,77,3.0e-7%
2016,MNE,VUT,ALL,1676,0.0000065%
2016,MNE,ARG,ALL,2505575,0.0098%
2016,MNE,BOL,ALL,38090,0.00015%
2016,MNE,BRA,ALL,13478820,0.053%
2016,MNE,CHL,ALL,479481,0.0019%
2016,MNE,COL,ALL,754723,0.0029%
2016,MNE,ECU,ALL,5510324,0.021%
2016,MNE,FLK,ALL,881863,0.0034%
2016,MNE,PER,ALL,299889,0.0012%
2016,MNE,PRY,ALL,149276,0.00058%
2016,MNE,SUR,ALL,26416,0.00010%
2016,MNE,URY,ALL,15227,0.000059%
2016,MNE,VEN,ALL,6683,0.000026%
